,Store ID,Store Name,Location,Phone,Manager
0,1,Dayli,"263 Ransford Road, Buenos Aires",13743144477,Emila Hussnain
1,2,Tarun,"150 Meighan- Street, Los Angeles",13774418869,Moya Derrin-Lee
2,3,Prabhleen,"95 Kasie-Ma Avenue, Sao Paulo",15824117267,Harlie-Ella Liylli-Anne
3,4,Birgul,"132 Anouchka Avenue, Madrid",19178043220,Judyta Stoyan
4,5,Calum-Iain,"949 Keyarah Avenue, Paris",18691583399,Cladia Kassima-Mae
5,6,Aaeedah,"192 Terry Lane, Buenos Aires",13748707153,Lexi-Shayne Zekari
6,7,Gizem,"811 Estela Street, Bangkok",18692004317,Alishia Mailli
7,8,Earl,"321 Sans Road, Madrid",18972839618,Nayal Frantisek
8,9,Iglika,"700 Lilly-Ka Avenue, Hong Kong",13785730697,Mansour Jibran
9,10,Morna,"133 Vasileio Road, Manila",19170603895,Annam Olivia-Shay
10,11,Phelan,"375 Ariyana Road, Los Angeles",19135875308,Tayim Aniyah-Rose
11,12,Deaglan,"41 Efrim Avenue, Manila",15833252378,Malumbo Codin
12,13,Lincon,"750 Prithvi Road, Beijing",13723380716,Emaad Kylor
13,14,Adrius,"276 Breanna Lane, Paris",19135738021,Efterpi Nicodemus
14,15,Eldin,"971 Connier Avenue, Sao Paulo",18684734899,Mayia Terri-Lee
15,16,Kylee,"852 Markan Avenue, Guangzhou",18677580587,Ilalol Calel
16,17,Leora,"998 Harlii Lane, Guangzhou",18977961029,Marthienus Lexine
17,18,Struan,"135 Remiel Street, Paris",15845674259,Laurentiu Tahani
18,19,Arriah-Rose,"37 Quesne Avenue, Paris",19118148911,Xaro Sunni
19,20,Rivaan,"104 Haydn-Qu Lane, Seoul",18683791241,Aarin Cheikh
20,21,Ivana,"48 Bowen Road, Guangzhou",13750721143,Leah-Grace Haoqi
21,22,Rubeinn,"578 Maria-Pa Street, Beijing",18989031174,Jamiee-Leigh Marnie
22,23,Shahbaj,"711 Kacius Avenue, Seoul",18688468346,Briege Jaxen
23,24,Scarllett,"626 Dawoud Avenue, Los Angeles",18973890234,Edward Alana-May
24,25,Xenia,"804 Madison- Road, Manila",15888578261,Genavieve Momin
25,26,Faeryn,"152 Khalie Lane, Beijing",15890350045,Kean Silver
26,27,Aaya,"146 Anuthy Avenue, Hong Kong",18932054831,John-Joseph Hrihaan
27,28,Dastina,"717 Nika Road, Los Angeles",13773119217,Ellie-Grace Shreeya
28,29,Abdulah,"686 Muhib Lane, Paris",18642439158,Colby-Patrick Uyo
29,30,Evir,"413 Navi-Gra Lane, Shanghai",15810545562,Rhuridh Nawazg
30,31,Ahleen,"625 Resham Lane, Beijing",18697610820,Annmaria Mya-Jade
31,32,Ayub,"932 Bode Road, Madrid",18954962422,Ode Leto
32,33,Miella,"178 Nizara-M Lane, Delhi",15874118171,Florence Lujain
33,34,Ann,"143 Tailer-J Lane, Seoul",18998283358,Aleezah Makatendeka
34,35,Kailli,"401 Lexi-Jo Avenue, Hong Kong",13774523505,Riley-Joshua Zoe-Louise
35,36,Chanuthmee,"999 Sky Lane, Paris",18999681239,Rhyka Kaleo
36,37,Zaira,"803 Aima Lane, Shanghai",13727605502,Xiang Aishwarya
37,38,Sapna,"590 Mollie-M Lane, Shanghai",19175017135,Ardan Abe
38,39,Lukenzo,"872 Ashdan Road, Sao Paulo",13799721602,Ilithya Milley
39,40,Aaliyah-Rose,"377 Rital Street, Manila",19129898836,Jiya Narayani
40,41,Jones,"794 Reshmi Street, Delhi",18636193138,Darci-May Leeyla
41,42,Lucifer,"48 Ritisha Street, London",18636975315,Latoya Chideziri
42,43,Fynley,"384 Annoushk Street, Beijing",19139661845,Mia-Belle Abby-May
43,44,Ariell,"462 Meribell Street, Manila",13724584157,Haisam Rudy
44,45,Xuxian,"815 Joory Lane, Buenos Aires",15866503017,Hana-Maryam Jera
45,46,Sarahanne,"919 Zach Street, Manila",15887284659,Rahf Makaylah
46,47,Oluwatimilehyin,"287 Marro Street, Delhi",13799191672,Makaela Bintu
47,48,Khian-Grant,"932 Izen Lane, Tokyo",19145509226,Zeeshan Saliena
48,49,Keianna,"944 Stirling Lane, Beijing",18674981210,Annalily Winifred
49,50,Dominic-James,"22 Bubune Street, Bangkok",13714135190,Kayleigh-Rose Tucker
50,51,Muying,"287 Mouloud Avenue, Guangzhou",18998987577,Anora Maximilliano
51,52,Lilymay,"777 Emmiee-M Street, London",19125394299,Zhenhan Twinkle
52,53,Okike,"609 Llayton Avenue, Seoul",13736883894,Yochabed Aizaan
53,54,Aakruti,"930 Reddyn Road, Madrid",18653999642,Marjaan Trinom
54,55,Nimitta,"548 Ragan Lane, Tokyo",18971030191,Oshian Missoni
55,56,Seweryn,"288 Marcus-A Avenue, Buenos Aires",13750919458,Miwa Whynter-Rose
56,57,Caoilfhinn,"238 Lilave Lane, Beijing",18667375243,Miah-Rose Karrick
57,58,Siyu,"537 Delarosa Lane, Tokyo",18658613117,Kimran Travers
58,59,Georgie-Rose,"925 Aliesha Road, Bangkok",15859239924,Savanha Aldric
59,60,Aryah,"202 Sadeen Avenue, Madrid",15878448474,Samvedya Haaroon
60,61,Sahar,"682 Kinlaey Lane, Manila",19162348050,Fergal Johnjoseph
61,62,Arush,"638 Neamh Lane, Manila",19179229785,Antonis Laia
62,63,Siva,"843 Stevie-A Avenue, Paris",19156067827,Maksen Sharley
63,64,Aafeen,"317 Faheem Road, Tokyo",13788498168,Lhoghan Arlina
64,65,Gurshan,"207 Azka Lane, Tokyo",18913615064,Hunni Trixi
65,66,Aubrie,"230 Bluebell Street, Delhi",18662168890,Miia Lieselotte
66,67,Terry-Junior,"762 Amia Street, Tokyo",15894180307,Amro Zarianna
67,68,Jorji,"430 Brenden Lane, Buenos Aires",19162012917,Rosie-Jane Aighan
68,69,Evana,"224 Wiley Avenue, Hong Kong",13726542439,Haizea Liwia
69,70,Milaa,"746 Franz Lane, Los Angeles",18645393017,Andre Merci-Mae
70,71,Finlas,"948 Kingsly Lane, Hong Kong",19172791000,Radyn Mizgin
71,72,Cianha,"747 Brahmlee Avenue, Madrid",15859840688,Oluwatunmininu Neeraj
72,73,Latif,"912 Adorable Road, Los Angeles",18638922927,Casmir Krystyna
73,74,Shaun-Paul,"778 Toni-Mar Road, Sao Paulo",13720180227,Ethane Karrah
74,75,Eiden,"259 Joolz Street, Paris",15878107684,Emilietiree Pierre-Emmanuel
75,76,Joshdeep,"224 Esmond Avenue, London",13780733617,Millie-Vanessa Ayat
76,77,Jayadeep,"230 Kiara-Ro Lane, Madrid",18991444812,Ceiran April-Anne
77,78,Charlotte-Skye,"814 Amanda Street, Bangkok",15887726307,Meharunnisa Dayvin
78,79,Abey,"169 Jack-Kyl Avenue, London",15843351171,Afia Talullah
79,80,Bethenny,"892 Ayannah Lane, Paris",18933078636,Deeko Casper
80,81,Alexa-Rose,"68 Hana Avenue, Seoul",18958019675,Raslan Dharach
81,82,Millie-Kate,"889 Alin Lane, Beijing",15817851542,Abyan Catriona
82,83,Kimathi,"820 Fatim Street, Buenos Aires",15836020534,Anessa Tyller
83,84,Dexi-Leigh,"941 Kyilaa Lane, London",18685818011,Roman-James Ezmii
84,85,Arfh,"572 Parnia Road, Shanghai",19131744013,Alesio Kayra
85,86,Kenley,"751 Trei Avenue, Sao Paulo",13787640850,Kayilan Amanda-Grace
86,87,Karthiga,"554 Subuhi Avenue, Manila",19179330375,Merrida Yazid
87,88,Shani,"5 Ilias Street, Madrid",18664316016,Urwah Afsheen
88,89,Koletyn,"25 Carolann Lane, Manila",18961622520,Siog Cadysse
89,90,Joss,"1 Adeoluwa Street, London",18992898287,Hrihaan Tanya
90,91,Nihyla,"228 Lyll Road, Los Angeles",13727733577,Tayyib Rayhan
91,92,Jada,"105 Niska Lane, Buenos Aires",19137731631,Sahibdeep Muaaz
92,93,Darline,"812 Sophie-M Lane, Paris",18911071991,Myiah-May Wessal
93,94,Alanis,"39 Minii Road, Sao Paulo",15829592594,Florencia Genis
94,95,Dhriti,"701 Kodey Avenue, Paris",13765104334,Charlotte-Leigh Sidumisinkosi
95,96,Rozali,"611 Zefeng Avenue, Beijing",18978317857,Chris-Laurell Euan
96,97,Enneko,"189 Shaunie- Lane, Sao Paulo",13725814785,Atene-Athena Jaishan
97,98,Kelly-Rae,"518 Kaylum Lane, Beijing",13737495928,Kason Amzie
98,99,Layceigh,"829 Tippi Lane, Hong Kong",18940216679,Zak-Lee Barclay
99,100,Evvie,"741 Finlay-M Road, Hong Kong",18683375816,Ottilie Laine
100,101,Llewen,"631 Hephziba Avenue, Manila",13714450106,Saral Hattie
101,102,Kira,"741 Kenzii Street, Madrid",18673233722,Reome Preston-James
102,103,Ameiliarose,"417 Cara-Mae Road, Paris",15867654908,Mirac Cadysse
103,104,Robfrel,"481 Emma-Jan Road, Paris",18640569749,Ezra Alix
104,105,Gianni,"869 Zacariah Avenue, Shanghai",13758258811,Sorin Jeslin
105,106,Arabesque,"167 Kerry-Le Road, Manila",15876985172,Broghin Oaklie
106,107,Mahesh,"454 Daniel-A Road, Manila",18940721109,Henoch Berzan
107,108,Noam,"745 Lucia-Ro Lane, Madrid",18641592581,Trudy Cydele
108,109,Layhla,"811 Raqqia Road, Seoul",18964993458,Janusz Trystan
109,110,Gallacher,"220 Rajab Avenue, Madrid",13768863741,Nail Shaya
110,111,Nyla,"403 Altanay Street, Los Angeles",15846115452,Ahmad Alhowra
111,112,Rainer,"295 Orla-May Lane, Los Angeles",13742058093,Caelab Numair
112,113,Abbi,"426 Geneviev Road, Madrid",18664000993,Amimma Mason-Ross
113,114,Tylan,"996 Maiyah Street, Hong Kong",18663806763,Laeton Hasen
114,115,Chet,"500 Myla-Sof Lane, Beijing",13746250999,Betsy-Mae Abdualmalik
115,116,Moli,"77 Isa Avenue, Paris",18699529442,Halil Martin
116,117,Catie,"816 Giedrius Avenue, Guangzhou",19148822919,Angie Rio
117,118,Alicja,"513 Katie-Gr Lane, Paris",13787920997,Tulisa-Leigh Chizirimobiya
118,119,Ruben-James,"685 Stephann Lane, Los Angeles",18971866350,Raffie Laicie-Louise
119,120,Allayah,"950 Caron Lane, Guangzhou",18994782131,Wilkie Lieselotte
120,121,Jeidan,"922 Sufian Lane, Tokyo",18675825280,Orin Linesa
121,122,Calan,"704 Kinzie Street, Los Angeles",18945826019,Delilah-Rae Yazeed
122,123,Keigyn,"212 Gracie-L Lane, Manila",13761638280,Jasmeen Sadiqa
123,124,Oluwafolasayomi,"673 Frida-Su Avenue, Paris",18934219264,Otuto Ruby-June
124,125,Jamey,"624 Lyla Avenue, Beijing",15811021506,Adiel Benedikte
125,126,Ruariadh,"85 Gbemisol Lane, Manila",18923263250,Khalan Ajias
126,127,Anwaarah,"131 Taranvir Avenue, London",15822513068,Meredyth Donnacha
127,128,Kruz,"21 Finlay-S Lane, Beijing",18959969118,Amelia-Isabella Frodi
128,129,Toby-Lee,"441 Huzaifah Street, Hong Kong",15865145435,Moisa Sarina-Raffa
129,130,Neela,"9 Ashmith Lane, Manila",15896649601,Askel Carah
130,131,Sigrun,"554 Payton-L Avenue, Shanghai",13763729321,Giric Vanisha
131,132,Aimer,"952 Charleig Street, Buenos Aires",13740416570,Logie Kanan
132,133,Sulabh,"690 Alfie-Jo Road, Seoul",18974954846,Meko Kayti
133,134,Alsadig,"96 Kyeler Avenue, Los Angeles",13716093480,Tillisa Kaleeci
134,135,Gabe,"18 Jhaycie- Avenue, Tokyo",18965598411,Ryli Ravei
135,136,Presley-Stuart,"475 Nhiomae Lane, Tokyo",18696923697,Liba Gjanina
136,137,Haydyn,"964 Keerthi Road, Buenos Aires",13711694064,Darcee Catriona-Maria
137,138,Olivija,"264 Kyrin Street, Los Angeles",13752603913,Maxmilian Bupe
138,139,Sahla,"377 Ruby-Val Lane, Delhi",19140907663,Rustam Karolis
139,140,Brioni,"52 Halle Street, London",13713195278,Saroop Emirhan
140,141,Reyn,"924 Parker-R Avenue, Paris",19124622261,Maaria Awais
141,142,Kaleigh,"506 Roban Lane, Sao Paulo",18983237568,Lisa-Linnea Stepan
142,143,Esmee-Leigh,"983 Keeley Lane, Buenos Aires",19134673111,Allie-Rose Katie-Jo
143,144,Priya,"741 Kanin Street, Hong Kong",15814256631,Cayenne Prabhjot
144,145,Lehi,"801 Paje Street, Hong Kong",19171947963,Mhoraig Folarin
145,146,Amala,"655 Cheriah Avenue, Buenos Aires",13719646395,Frankie-Leigh Kaitlin
146,147,Eyvie,"411 Noor-Ul- Lane, Sao Paulo",18985234321,Chahiti Jiaxian
147,148,Hadriel,"173 Crusoe Road, Sao Paulo",19164774165,Mohamed-Noah Abdul-Samee
148,149,Cameron-James,"65 Cares Road, Delhi",18947020020,Fletcher Preetinder
149,150,Bianca,"860 Mishal Street, Paris",19150566642,Murynn Kasch
150,151,Saif,"151 Sadhana Street, Guangzhou",18646408994,Elsa-Mae Nino
151,152,Laila-Jayne,"848 Roan Street, Los Angeles",15817687216,Renae-Wynter Azalea
152,153,Chelsea-Louise,"140 Sourish Avenue, London",18941212791,Benito Hamilton
153,154,Samra,"131 Ameliah Avenue, Delhi",15888599402,Elyse Edison
154,155,Karlton,"885 Ronak Lane, Tokyo",15853014320,Oakley-Derry Sommer
155,156,Cobey,"576 Nye Lane, Sao Paulo",19160836059,Nasreen Omiah
156,157,Shawin,"59 Joannie Avenue, Manila",18987508597,Khalin Iszic
157,158,Eveneet,"364 Emiko Road, Sao Paulo",13773956557,Riham Prionto
158,159,Faizaan-Ul-Hassan,"850 Keiralee Lane, Buenos Aires",18627346018,Mabli Jalyn
159,160,Avyaan,"606 Abbeygai Road, Buenos Aires",13734888944,Kenedi Hadrian
160,161,Rhemi-James,"82 Tyla Avenue, Los Angeles",13728298656,Reein Kachiside
161,162,Olea,"454 Siri-Sin Avenue, Shanghai",13712275557,Ackerley Rahf
162,163,Hawra,"582 Roxymari Avenue, Guangzhou",15837263843,Mariamawit Yinglun
163,164,Mialou,"529 Laryn Avenue, Hong Kong",18664008635,Wenyi Arlee
164,165,Meva,"531 Temilolu Street, Madrid",13786228293,Kevin-Leigh Rose-Marie
165,166,Shenaz,"639 Yashvin Road, Los Angeles",19118170079,Chianne Pangal
166,167,Eason,"791 Chenoa Avenue, Hong Kong",13732483665,Cadhan Sattva
167,168,Liora,"235 Aleksas Road, Paris",19143607295,Nma Blayn
168,169,Neriadh,"852 Erleen Street, Delhi",19141831202,Littlest Muhren
169,170,Calum-James,"751 Gurseera Lane, Manila",18617883256,Aleida Falyn
170,171,Tuliya,"163 Athia Avenue, Sao Paulo",18990093717,Lily-Jo Cadhla
171,172,Kaedan,"633 Faustine Lane, Seoul",13774853254,Theophilia Keiron
172,173,Thornely,"57 Salice Avenue, Shanghai",15843055630,Caity Denith
173,174,Jassimar,"906 Abdou Avenue, Beijing",19178291130,Aiste Meghal
174,175,Insiyah,"453 Tilal Road, Shanghai",13740289064,Ammal Clay
175,176,Broghane,"340 Roop Lane, Los Angeles",18652734486,Lenosh Arsha
176,177,Finella,"389 Gaurav Road, Paris",18942050816,Llyle Ziyad
177,178,Loryn,"48 Ethyn Lane, Madrid",18926621395,Julez Hellen
178,179,Faaris,"654 Emilie-M Road, Madrid",18927152222,Toria Annija
179,180,K-Jay,"94 Holly-Fi Road, Delhi",19151943879,Johnston Helem
180,181,Arsal,"449 Campbell Avenue, Guangzhou",15821096611,Jerzi Zeyra
181,182,Numan,"881 Mailee Road, Shanghai",18974838168,C'eryn Maegan
182,183,Liana,"770 Ashleigh Lane, London",19187953914,Aaliyah-Rose Natalya-Sabrina
183,184,Solal,"777 Aiden-Ja Avenue, Paris",15880077802,Murron Premo
184,185,Neah,"136 Juraj Street, Hong Kong",13779301256,Elissia Onome
185,186,Lexghi,"275 Jorja-Gr Road, Guangzhou",19124201607,Samharpreet Ceilidh-Jane
186,187,Divine,"373 Jeevan Avenue, Sao Paulo",19166334457,Leah-Fay Caity
187,188,Harmony-Rose,"310 Jasraj Lane, Guangzhou",18953675589,Sparrow Essam
188,189,Ikechi,"445 Michaela Street, Sao Paulo",18663716992,Kaswa Everett
189,190,Hadiqa,"145 Jacob-Ja Avenue, Buenos Aires",19112507020,Alfie Lillie-Jo
190,191,Dyllan,"659 Elise Avenue, London",15850429199,Abiela Utkrisht
191,192,Jaylee,"966 Dina Avenue, Tokyo",15857169577,Fabrizio Twyla
192,193,Alex-Boris,"809 Yunus Avenue, Sao Paulo",18953909793,Nelle Rose-Anne
193,194,Freaha,"624 Ivy-Bleu Lane, Madrid",15887752292,Aleaha Aighan
194,195,Ithiel,"493 Mehmet-E Avenue, Delhi",18659324395,Ayzan Chian
195,196,Aasim,"344 Asira Lane, Beijing",18927031315,Keris-Anne Leila-Leigh
196,197,Ayda,"386 Maciej Road, Buenos Aires",18613655464,Dilans Liahna
197,198,Mariah-Elaine,"454 Ella-Daw Avenue, Bangkok",18964205606,Abd-Allah Dilane
198,199,Johnpaul,"305 Cabe-Jam Avenue, Delhi",15834340318,Cage Paisly
199,200,Adelola,"665 Stelian Road, Seoul",19122850720,Zecheng Charity
200,201,Amelia-Kenzie,"931 Abbygail Street, Hong Kong",19196275794,Skyla-Faith Charley-Leigh
201,202,Eraj,"46 Dallis Lane, Madrid",13784566562,Camilee Maks
202,203,Vladut,"694 Llaria Avenue, London",13732108419,Freida Carylann
203,204,Anakeni,"733 Hidayaht Avenue, Buenos Aires",18623795266,Amberle Shavannah
204,205,Ilyan,"975 Devanssh Avenue, Beijing",19190455617,Ocean Aneilia
205,206,Marrissa,"6 Mritunja Road, Madrid",13748725359,Navarrie Karley-Jo
206,207,Nalenhle,"982 Elesha Road, Buenos Aires",13719196581,Rhemi Rafa
207,208,Kaycay,"41 Imola Street, Sao Paulo",15810074971,Balazs Royalty
208,209,Phergus,"609 Jacob-Ja Lane, London",18681530386,Ephraim Rebel
209,210,Prabhsharan,"722 Nikolajs Avenue, Los Angeles",18922336537,Laci'lee Elsie-May
210,211,Alvan,"465 Kino Road, Manila",15836515944,Oli Valente
211,212,Maecie,"835 Jahmal Lane, Hong Kong",13741627539,Edwyn Michaella
212,213,Kira,"618 Sarai Street, Paris",18653388296,Jac-Dean Theocharis
213,214,Zeyuan,"670 Hallie-R Road, Los Angeles",19191225983,Moreno Keean
214,215,Mohamed-Idriss,"606 Chenyi Street, Manila",19166421137,Amelie-Quinn Evie-Louise
215,216,Mahith,"323 Izabel Road, Paris",19142038774,Alhaji Eilaf
216,217,Sofia-Florence,"954 Errol Road, Bangkok",18990966142,Ximena Esme-Storm
217,218,Fergal,"378 Giuseppe Street, Bangkok",18994472754,Sofien Arlend
218,219,Keeyan,"227 Thiya Lane, London",15831242562,Jhon Conal
219,220,Raneem,"169 Abdur-Ra Lane, London",13792392246,Brokk Clara-Rose
220,221,Alana-Louise,"28 Adrienne Road, Paris",18919168498,Mairin Aida-May
221,222,Saji,"683 Archie-J Avenue, London",18949956410,Pa-Magidi Nainika
222,223,Katie-Maria,"864 Moon Lane, Tokyo",19158341143,Jozie Maame
223,224,Gursirt,"719 Sushant Street, Beijing",13797628144,Moyinoluwa Darol
224,225,Mckenley,"662 Lochlie Road, Tokyo",18638492725,Aarchie Sehaj
225,226,Catie,"644 Saliena Street, Manila",13754888341,Aria-Fallon Amelea
226,227,Sumaiya,"811 Darcelle Avenue, Hong Kong",15821248145,Iraj Phanyasiri
227,228,Rheagan-Elise,"116 Divyam Road, Shanghai",18956242855,Niven Naithaniel
228,229,Blase,"611 Auriah Avenue, Madrid",19129956544,Somerby Kazia
229,230,Kiean,"434 Emmey Avenue, Buenos Aires",15814701186,Suyash Talon
230,231,Nevaeh-Jayde,"252 Harmeet Avenue, Beijing",13753064868,Amellia-Lilly Orchid
231,232,Bok-Yin,"964 Rhylen Street, Beijing",18643015403,Katrina-Lee Emmet
232,233,Jedrzej,"158 Linus Road, Guangzhou",19147218311,Aena Eason
233,234,Keerit,"981 Kaelee-R Lane, Guangzhou",18912716740,Herkus Faye-Myla
234,235,Aun,"679 Mackayla Avenue, Los Angeles",13749481082,Pu Arleen
235,236,Vagmi,"873 Pavan Street, Paris",18661321251,Bailey-Robert Annasophia
236,237,Evir,"716 Angus-Ja Street, Beijing",15826419682,Kyrah-Leigh Moazzam
237,238,Amelia-Yvonne,"365 Habibur Avenue, Hong Kong",18660138731,Gracelyn Lamisah
238,239,Annalize,"787 Kullan Avenue, London",15823462397,Ciara-Rose Meroe
239,240,Rew,"634 Penny Avenue, London",15820636326,Celise Liberty
240,241,Cambil,"986 Shelby-L Road, London",15891281422,Annamaria Michael-John
241,242,Rojava,"187 Meegan Road, Delhi",19121092230,Cobey Navina
242,243,Storm,"547 Fraya Street, Los Angeles",15861729559,Ceilean Oluwabukunmi
243,244,Maira,"347 Elliemar Road, Beijing",13792334920,Korneliusz Usef
244,245,Rangsirit,"484 Yaser Road, Tokyo",18691862064,Hamaail Atas
245,246,Mavino,"732 Oakley Avenue, London",19161620773,Teela Cinders
246,247,Danielis,"147 Masood Avenue, Paris",18658471415,Ailie-Rose Alben
247,248,Andreea,"909 Milanya Road, Los Angeles",15842625342,Henry Mulikah
248,249,Katy-Joanne,"587 Elsey Lane, Bangkok",18610308795,Ioan Erily
249,250,Amilia-Krystell,"913 Audriann Lane, Bangkok",13741776229,Lysette Ackerley
250,251,Sheridan,"198 Vakaris Street, Hong Kong",18990542177,Dev Darcii
251,252,Moono,"950 Adania Street, Madrid",18689560407,Cohen Amritveer
252,253,Arame,"287 Aldric Street, Shanghai",19150991156,Qatr-Alnada Illianna
253,254,Hem,"880 Athos Road, Tokyo",13753284167,Roman-Kael Meshaal
254,255,Sadah,"61 Emma-Lei Lane, Tokyo",19127800760,Struan Nahum
255,256,Onyinyechi,"826 Louden Avenue, Paris",19122145197,Lela Jabir
256,257,Vari,"769 Bernadet Street, Buenos Aires",19189793185,Connhal Niomi
257,258,Aiva,"394 Sh'kinah Road, Buenos Aires",15835070796,Godwin Soamna
258,259,Ellicia,"945 Amara Street, Hong Kong",13788083775,Ruby-Anne Hiteesha
259,260,Rostas,"301 Roni-Lii Street, Hong Kong",15833633302,Jordanna Catriona-Maria
260,261,Kaddy,"651 Aidyn Road, Los Angeles",19172120232,Samuel-Ethan Kelseigh
261,262,Emmellen,"901 Kieran-R Road, Los Angeles",19123447163,Carmen Maddison-Mae
262,263,Jalyn,"405 Rawad Avenue, Shanghai",15836436246,Jalila Kellaine
263,264,Niralaya,"661 Al-Houss Street, Manila",18613774414,Del Baxter
264,265,Reoch,"101 Marcuz Lane, Madrid",18981755791,Zelda Paton
265,266,Katheryn,"533 Lailoken Street, Los Angeles",19197200538,Stefani Kelso
266,267,Kelsea,"283 Nayvah Road, Hong Kong",18972268984,Vismaya Ruahan
267,268,Tuppence,"134 Artjem Road, Bangkok",18919009516,Pipa Mckenzie-Lee
268,269,Dolcey,"218 Eviejoy Road, Bangkok",18971479136,Kelsey-Louise Mersana
269,270,Wish,"333 Medinah Avenue, Sao Paulo",18926166036,Cinders Accalia
270,271,Sofia-May,"499 Habon Avenue, Manila",15826468381,Amii Sulaiman
271,272,Meaghan,"738 Ludwik Road, Tokyo",15824568916,Ian Onur
272,273,Bobi,"671 Dolcey Lane, Tokyo",15884384756,Huma Fearghus
273,274,Fara,"877 Shafaq Avenue, Los Angeles",18697628805,Om Pranay
274,275,Bo-Elena,"779 Zulfa Avenue, Hong Kong",18937683681,Mallku Laicey
275,276,Agota,"834 Vlada Road, Seoul",13770633471,Syrie Calanais
276,277,Iarla,"640 Jarvi Lane, Beijing",13755794965,Mika Juli
277,278,Analeigha,"805 Abdul-Mu Street, Hong Kong",15889950644,Karys D'hara
278,279,Stuart-Romeo,"348 Ananda Street, Tokyo",13778074070,Cienna-Jai Caiden-Jay
279,280,Amro,"975 Murron-M Lane, Madrid",13781828534,Skye-Jane Manrai
280,281,Siomha,"719 Niamh-Ke Road, Tokyo",19156440672,Kendyll Xinyan
281,282,Ha-Yim,"977 Danniell Street, Beijing",15875677453,Sewin Saysha
282,283,Chey,"231 Karmyn Road, London",18980238066,Cadwyn Aitken
283,284,Prabhgun,"579 Kosisoch Road, Guangzhou",13752935164,Evaahn Millie-Rae
284,285,Sophiemarie,"720 Ella-Mae Lane, Guangzhou",13780126939,Fayme Zeki
285,286,Niki,"108 Tyler-Jo Avenue, Buenos Aires",13788039174,Theea Kassem
286,287,Kheenan,"711 Ranjit Road, Hong Kong",18657177566,Hunnain Lilly-Rose
287,288,Belin,"473 Millie-L Street, Paris",15866114820,Kimberley-Leigh Parneet
288,289,Dian,"69 Neva Road, Beijing",19153461365,Lee Yuhang
289,290,Fernando,"567 Emileyah Avenue, Manila",15856439659,Kirby Scheherazade
290,291,Kristaps,"848 Dafinel Avenue, Los Angeles",19111982589,Indrid Jack-Carter
291,292,Fina,"72 Aleigha- Street, Tokyo",18614519080,Yaqoot Said
292,293,Darius-Andrei,"898 Kochyar Road, Delhi",18925851475,Lucia-Amber Jeri
293,294,Danuj,"301 Amedeo Street, Hong Kong",15821043564,Lilly-Louise Benedita
294,295,Kyra-Lily,"694 Hurrain Avenue, Manila",18642945417,Elyssia Uel
295,296,Kaiann,"448 Armaghan Road, Shanghai",18935305938,Leigh-Anne Catherine
296,297,Jacob-Jorge,"476 Joonwon Lane, Hong Kong",18678836010,Kshmala Santina
297,298,Osiasse,"693 Roxas Road, Shanghai",18951203147,Eshmaal Rekarah
298,299,Jorgie-Lou,"713 Ishi Avenue, Seoul",18973407929,Bulent Ben
299,300,Maeve,"653 Poppy-An Road, Seoul",13782169046,Emmelie Szaffi
300,301,Lena-Mae,"266 Raielle Lane, Bangkok",18675997534,Georgia-Rae Sayeeda
301,302,Oluwaseyitan,"71 Vatandav Avenue, Shanghai",18655023363,Adeleke Sansar
302,303,Keigyn,"713 Shafe Street, London",19138933257,Kyron Liam-John
303,304,Marcel,"575 Alexis-R Avenue, Manila",18687049151,Joshua-David Jacob-Rhory
304,305,Sahishnu,"760 Moses Lane, Sao Paulo",18914080284,Kerensa Etana
305,306,Eleonore,"490 Sukhmia Lane, London",13798165924,Radhav Frida-Sue
306,307,Zakari,"399 Sejalpre Street, Bangkok",13797961344,Anya-Jayne Tiaa
307,308,Giovana,"432 Madison- Street, Paris",13715307204,Jezioranachukwudinma Meherima
308,309,Sarah-Cristiana,"342 Rearabet Lane, Seoul",19180367512,Josh-Jaden Jinrui
309,310,Neavah-Mae,"939 Harry Road, Seoul",18925734562,Lula Lamira
310,311,Alice-Anna,"357 Essien Lane, Bangkok",15871793938,Orlagh Nogah
311,312,Soren,"519 Ravika Road, Buenos Aires",19126396605,Kerry-Leigh Daxton
312,313,Deri-Leigh,"184 Emaline Lane, Bangkok",18913677365,Janet Jordanne
313,314,Tashi,"301 Caie Street, Paris",19143105218,Darren-Kevin Yuna
314,315,Laycee,"32 Najjash Avenue, Delhi",19173975765,Kobi-Ben Derryn-Lee
315,316,Khallia,"659 Blithe Lane, Buenos Aires",15874094479,Alula Savannah-Lee
316,317,Dillon,"24 Hubert Lane, Bangkok",18693257216,Sarkawi Christianna
317,318,Keva,"302 Oarlah Street, Manila",18964075243,Cohyn Alaya-Mai
318,319,Skylarr,"65 Rainy Lane, Beijing",18914916480,Ashleigh Shahood
319,320,Hazlain,"249 Thirzah Street, Bangkok",13794956378,Noemi Laurianne
320,321,Igbunu,"177 Lamis Lane, Madrid",15826290296,Ciarrah Burt
321,322,Sumuka,"936 Teia Street, Sao Paulo",18694548928,Pallabi Poppy-Leigh
322,323,Mahveen,"517 Frodi Lane, Beijing",13751440216,Shereen Cecelia
323,324,Kerr,"105 Celiya Lane, Tokyo",13769758712,Rodwin Ardi
324,325,Aimee-Elizabeth,"649 Malli Street, Sao Paulo",19185246170,Tawfique Kyra-Marie
325,326,Nleli,"174 Liam Lane, Manila",18998696998,Negan Elisiah
326,327,Aolaith,"552 Ada-Grac Street, Bangkok",18688137112,Miraan Caiden
327,328,Arlo-Jax,"916 Anzar Avenue, Guangzhou",18972698874,Ruian Katie-Louise
328,329,Rosse-Mari,"469 Mahak Lane, Madrid",18912539287,Faryl Thorne
329,330,Kelsieann,"381 Ramani Road, Paris",19138141486,Andi Kellas
330,331,Layton-James,"80 Tivon Lane, Shanghai",19139261993,Teona Koleson
331,332,Layton-Joe,"667 Shelly Lane, Shanghai",13742987112,Arit Olatomiwa
332,333,Millie-Essie,"290 Maia Road, Manila",13737738680,Aahid Noor-Fatimah
333,334,Rosanne,"759 Aristark Lane, Madrid",18645380981,Corinne Kanan
334,335,Lteen,"187 Sarika Road, Sao Paulo",13777354254,Oliver-Lee Alaana
335,336,Orevaoghene,"459 Martha-J Lane, Madrid",18658586701,Aidyn Sofiaa
336,337,Szofia,"385 Abena Street, Tokyo",13768576529,Lyanna Clodagh
337,338,Keevah-Lee,"537 Mathe Lane, Buenos Aires",13785055830,Koner Sayed
338,339,Rebecka,"687 Billy-Le Avenue, Hong Kong",18989000567,Washma Jaiden-Lei
339,340,Sander,"166 Adan Avenue, Seoul",15872381938,Rastislav Jagoda
340,341,Meighan-Lee,"819 Rubie-Ja Avenue, London",15825329803,Dragos-Eric Mayar
341,342,Lucia-Louise,"221 Corwin Street, Guangzhou",18924274650,Nargis Katie-Lee
342,343,Tauya,"634 Sareen Lane, Sao Paulo",18645255635,Daryn Waseem
343,344,Kamal,"459 Archie Lane, Shanghai",13761842518,Wenying Drurie
344,345,Chijiakwu,"827 Chimfuru Avenue, Buenos Aires",15883561675,Rubens Emily-Ann
345,346,Tammi-Leigh,"28 Brann Street, London",15859877085,Kaileigh Paxton
346,347,Ulya,"125 Comhan Lane, Sao Paulo",15815267201,Cole-Zachary Romey-Anne
347,348,Ceira,"637 Natnael Lane, London",15868597311,Jevgenijs Lowri
348,349,Clodagh,"20 Kiylan Avenue, Guangzhou",19126095403,Faith-Anne Cassidy
349,350,Sonnie,"75 Dannika Road, Hong Kong",15882227222,Jaimie-Leigh Apryl
350,351,Mesaan,"886 Cathal Road, Bangkok",15869391637,Fares A-J
351,352,Zafir,"153 Harry-Th Lane, London",13739777155,Auraya Jaimmie
352,353,Filimoni,"451 Eirwyn Street, Delhi",18982346639,Inas Poppy-Grace
353,354,Jabril,"752 Rebecca- Street, Los Angeles",19154157908,Emely Luca-Scott
354,355,Shariah,"630 Bonnie Street, Paris",19189350233,Mailey Kenzie-Lei
355,356,Abdulkarim,"977 Kavin Street, Madrid",18917497265,Ramesses Fatiha
356,357,Bronaich,"388 Raine Road, Madrid",13719945895,Oluwasegun Khalleigh-Rose
357,358,Liath,"182 Aarla Street, Paris",19128401953,Alfye Ruebie
358,359,Muhren,"856 Britney Lane, Paris",13797496975,Remi-River Uririoghene
359,360,Sambulosenkosi,"349 Charley- Lane, Sao Paulo",18649164413,Ruby-Lee Lucan
360,361,Jase,"34 Abeeha Avenue, Shanghai",13710279590,Macx Dylan-Mckenzie
361,362,Gita,"235 Hasrat Street, Paris",18663406871,Shahabuddin Hadiya
362,363,Keirin,"679 Vidal Road, Tokyo",19174487211,Faraan Sandy
363,364,Keesha,"835 Adeola Avenue, Buenos Aires",13735467983,Ethan Ardan
364,365,Ellera,"389 Rhyann Lane, Los Angeles",19174094871,Katie Adrija
365,366,Tathiana,"516 Niska Road, Seoul",15879187842,Abisali Kaylia
366,367,Kaylie,"500 Oluwahon Street, Bangkok",18964508654,Lauchlan Izyaan
367,368,Jaysen,"403 Manni Road, Hong Kong",18683842039,Zekeriya Doyle
368,369,Everly-Rose,"779 Alyannah Avenue, Seoul",15823291675,Binti Loudoun
369,370,Wynston,"831 Star-Le Lane, Bangkok",13777116533,Alicia-Reign Deandra
370,371,Abiman,"710 Lamaia Lane, Tokyo",15839960262,Pascal Aleasha
371,372,Aila-Mai,"764 Akib Road, Madrid",18930990224,Chet Ewela
372,373,Sichen,"917 Lilygrac Lane, Bangkok",13781325556,Saam Adgar
373,374,Dyana,"756 Nyall Road, Bangkok",18668915757,Ahdiya Daniel-Phoenix
374,375,Mei,"182 Ishbel Avenue, Delhi",18650039003,Guillaume Drea
375,376,Georga,"553 Kabeer Road, Delhi",13761697500,Ishmail Jorah
376,377,Jack-Joseph,"599 Lujane Street, Paris",15834021933,Adania Roula
377,378,Anushka,"726 Darcie-R Lane, Tokyo",13729558014,Kacie-Lynn Noemi
378,379,Elsie-May,"459 Aviwe Lane, Manila",19182400700,Aleem Shelly-Leigh
379,380,Aysu,"278 Imam Road, Madrid",18913130781,Sunaina Maizy
380,381,Anvi,"179 Eilis Street, Paris",18689884547,Ornan Habiba
381,382,Saida,"723 Rosslyn Avenue, Madrid",18657461717,Tooba Sena
382,383,Aevah,"21 Aleyna Road, Manila",13744231024,Maximo Pawandeep
383,384,Kaydahn,"586 Issie Lane, Buenos Aires",18658512482,Ellana Zhao
384,385,Pilar,"881 Elijah-L Avenue, Shanghai",18638947549,Navi-Grace Omaidh
385,386,Sulaymaan,"286 Tanyarad Avenue, Seoul",18924549626,Reuban Alizee
386,387,D'hara,"533 Ennor Road, Manila",18693529869,Chiagozie Soren
387,388,Sotonye,"677 Carra Avenue, London",13763181176,Eddard Imari
388,389,Shaun-Paul,"433 Amiyah-J Avenue, Delhi",19145690839,Kassi Josephina
389,390,Hauwa,"508 Seda Avenue, Seoul",13756994868,Caol Kore
390,391,Ebrima,"206 Roisin Lane, Bangkok",18621489016,Ravindran Samvrita
391,392,Ayvar,"544 Evinnie Road, Tokyo",13748266758,Joah Keren-Grace
392,393,Anushri,"882 Leonor Avenue, Manila",19193547459,Harpal Mckenzie-Jay
393,394,Remony,"180 Itoro Avenue, Hong Kong",18687207498,Aeryn Anya-Jayne
394,395,Lindyn,"293 Merrilee Street, Buenos Aires",15871365674,Dawlat Y
395,396,Khadime,"284 Kahyla Avenue, London",18676458155,Ansh Quhey
396,397,Emberly,"477 Keeva-Ro Road, Seoul",18913775392,Deimante Micah
397,398,Eyva,"33 Haldan Avenue, Bangkok",13784611222,Luna-Shy Eillidh
398,399,Teigan,"663 Maeby Lane, London",18999305546,Aveneet Ellianna
399,400,Izarra,"100 Elena-Ro Avenue, Tokyo",15881908215,Nheive Caelinn
400,401,Reece-John,"323 Mireia Street, Manila",18965703788,Lacey-Marie Peyton-Leigh
401,402,Haden,"680 Reice Road, Hong Kong",19168528627,Fearne Aiesrom
402,403,Evaan,"242 Marken Lane, London",19158403043,Zophia Shameel
403,404,Shezan,"698 Theo-Lee Avenue, London",19144373337,Feynman Lilly-Anne
404,405,Ayzak,"510 Sanne Road, Delhi",13745276788,Lillyanne Pelois
405,406,Orelie,"284 Isha Avenue, Buenos Aires",18916116744,Shahin Johnnymartin
406,407,Zulekha,"311 Rroshi Lane, Beijing",19157159092,Eashan Kian-Dean
407,408,Sedra,"74 Tonna Lane, Los Angeles",19195481841,Lukasz Elizabete
408,409,Mya-Olivia,"995 Saross Road, London",19141484012,Runshana Kruize
409,410,Elisa,"783 Ayela Lane, Sao Paulo",13716946651,Oluwadamola Georgie-Lee
410,411,Japleen,"486 Benzhi Street, Shanghai",15838139775,Ebony-Rose Lev
411,412,Bellarose,"6 Monalisa Lane, Shanghai",18980247159,Miroslaw Giuliana
412,413,Madalina,"137 Angelos Street, Sao Paulo",15877988981,Kasey-Leigh Brailen
413,414,Roop,"352 Marko Lane, Manila",13743192126,Riou Medina
414,415,Skylar-Rae,"654 Braya Road, Delhi",13794824712,Charles-Foy Zienna
415,416,Tia-Jane,"366 Lennix Road, Manila",13758556675,Iwo Shaylah
416,417,Ailan,"843 Ava-Fati Lane, Delhi",15822848086,Miura Pene-Anne
417,418,Lucca,"457 Al-Hassa Road, London",18693343104,Aleina Manreet
418,419,Eva-Kristina,"3 Calydon Lane, London",18632771082,Aisla Alyaan
419,420,Sol-John,"398 Jaxyn Lane, Los Angeles",13756710914,Przemyslaw Sondous
420,421,Temilolaoluwa,"653 Lin Road, Bangkok",18669287829,Alfonzo Aouab
421,422,Codyleigh,"780 Shyla Lane, Madrid",18913494553,Fitheach Farhaz
422,423,Lexianer,"227 Foster Lane, Shanghai",19185997046,Sirana Yiau
423,424,Floyd,"404 Corren Avenue, London",18988561825,Meral Arwyn
424,425,Aidynn,"170 Catie Street, Delhi",18930104677,Jorgie-Lou Lucy-Mae
425,426,Sahejleen,"983 Azzay Lane, Beijing",13759123345,Mucaad India-Dee
426,427,Azari,"17 Maisie-G Lane, Shanghai",19167881742,Lexxi-Rose Ava-Olivia
427,428,Alaeze,"679 Stephani Avenue, Shanghai",19175840781,Kynzie Antonii
428,429,Correigh,"12 Margarit Street, Sao Paulo",13740347159,Sahir Shavonne
429,430,Shauna-Mairead,"611 John-Mas Avenue, Seoul",19192796671,Tawfique Maysen
430,431,Almirah,"702 Conni Road, Manila",18924231017,Caskie Kaitrin
431,432,Roses,"813 Conner Lane, Manila",19171192167,Cate Yajie
432,433,Tallulah-Belle,"926 Shaunie- Street, Bangkok",18685730585,Miloh Arulaa
433,434,Chrisvin,"398 Leese Road, Buenos Aires",19151088387,Kein Denas
434,435,Caitlin-Louise,"954 Nour Avenue, Bangkok",13799723177,Nefelie Chayton
435,436,Marissa,"442 Giullia Lane, Paris",13736307195,Bella-J Fae
436,437,Aoibhne,"645 Ragid Street, Beijing",18672246900,Malyn Mya-Sophia
437,438,Sampson,"196 Oreofeol Lane, Paris",18613248337,Runyararo Konlan
438,439,Charlie-Leigh,"653 Kayllen Avenue, London",18913761742,Mehakdeep Aura
439,440,David-Nikolas,"744 Eva-Rae Lane, Seoul",19111288691,Kacey-Mae Caylagh
440,441,Losalini,"41 Raluca-A Avenue, Beijing",19167556532,Wish Layten
441,442,Mackintosh,"818 Innes-Ro Road, Shanghai",18934816428,Aimie-Lee Ajai
442,443,Lillie-Rose,"277 Santino- Lane, Manila",18675243718,Thomson Levi
443,444,Handel,"325 Torria Road, Manila",13785024055,Nya Shrutadhi
444,445,Darsh,"73 Eden-Lov Street, Paris",18936052366,Lachlen Noa-Rose
445,446,Michele,"776 Sardil Road, Seoul",18668678345,Hadrian Michael-Jude
446,447,Tucker,"673 Eashar Lane, Hong Kong",13723893757,Vansen Barney
447,448,Kaula,"383 Moomal Lane, London",15832290295,Rhys Hritesh
448,449,Zorka,"411 Alousha Avenue, Tokyo",13730292191,Jiakun Yamen
449,450,Angel-Marie,"686 Doltin Road, Hong Kong",15867532429,Melkah Kaatyayani
450,451,Iulian,"622 Hurairah Avenue, Bangkok",13734514997,Jaxon-James Elijyah
451,452,Ava-Lucia,"459 Kesia Lane, Sao Paulo",18627329439,Isoa Leora
452,453,Mahckie,"478 Kohlton- Road, Hong Kong",19122570602,Ciaren Dhaill
453,454,Larisza,"832 Ahlby Avenue, Bangkok",13723220923,Yevgenia Memphis
454,455,Henley,"236 Lorin Street, London",13730961247,Aaqila Tharun
455,456,Kyril,"609 Leeland- Avenue, Hong Kong",19158427312,Dieudonne Toni-Marc
456,457,Karci,"544 Steevie Street, Seoul",18914756744,Robert-Jay Emine
457,458,Xinyu,"830 Jazlyn Avenue, Hong Kong",18666360507,Jassmin Yushu
458,459,Lennix,"247 Damians Lane, Buenos Aires",15882594398,Keyann Alice
459,460,Leonel,"594 Ayman Street, Paris",13792277339,Lough Blair-Elizabeth
460,461,Lochie,"704 Jamie-Ly Lane, Bangkok",18988916622,John-David Novah-Rae
461,462,Zeteny,"718 Riley-Cr Avenue, Guangzhou",19157321546,Lyndon Dyc
462,463,Dolan,"618 Khairat Street, Seoul",15858515940,Robin-John Chai
463,464,Brennah,"934 Sauharda Road, Bangkok",18634691002,Libby-Ellen Eilidh-Mae
464,465,Chloe-Ann,"22 Glynn Road, Guangzhou",19189431456,Sejun Rai
465,466,Sajida,"288 Souleyma Avenue, Bangkok",19119663029,Wulff Kayli
466,467,Abdulwahab,"787 Brailey- Road, London",18940630332,Kyilaa Layce
467,468,Abdurrahman,"629 Brydan Road, Paris",13729819206,Orla Eli-Jay
468,469,August,"865 Wadood Street, Buenos Aires",13793662795,Darcy-Ann Alyna
469,470,Laowy,"661 Skylor Street, Madrid",15864479882,Braedon Krishna
470,471,Aneet,"192 Heidi-Ha Street, Sao Paulo",19193975856,Mpumalanga Jinchen
471,472,Ragan,"557 Sanjog Avenue, Sao Paulo",18620036962,Jarrod Catherine-Rose
472,473,Cynthia,"369 Kadi Lane, London",19134624713,Maiya-June Kaycey-Anne
473,474,Shaqeal,"38 Omarion Road, London",15891116958,Indio Carmyn
474,475,Caleb-Jay,"393 Bailey-J Lane, Guangzhou",19187274881,Talia-Belle Mileigh
475,476,Laython,"731 Naiara Street, Manila",18676880724,Kaiden Giana
476,477,Eartha,"137 Boye Avenue, Seoul",18960038770,Bekk Irruj
477,478,Rahela-Simina,"297 Sereani Lane, Buenos Aires",18671757911,Alivia-Rose Meave
478,479,Harjia,"153 Esmae Street, Madrid",18623053244,Joey-Jorge Cori
479,480,Mashael,"506 Diba Avenue, Guangzhou",18616096767,Mailili Keedie
480,481,Ashima,"686 Josie-An Road, Guangzhou",18920996161,Mary-Rose Hanson
481,482,Hodan,"868 Sajeth Lane, Sao Paulo",15822051292,Myia Aeian
482,483,Zhangheng,"383 Annie-Ma Lane, Los Angeles",15857112351,Re Aaryn-Paul
483,484,Zachery,"636 Zaryab Avenue, Los Angeles",18947508672,Lukisha Lannon
484,485,Emele,"394 Adalene Road, Los Angeles",13728296712,Khloe-Anne Melvin
485,486,Carson-Jack,"708 Eva-Jane Street, Seoul",13785812642,Presha Beniah
486,487,Lily-Madison,"861 Chayil-E Road, Madrid",18686124826,Kaylie Bazil
487,488,Fritha,"382 Keira-Ja Lane, Seoul",15825462178,Elwin Haadhi
488,489,Kaicy-Lee,"837 Linna Road, Shanghai",18638765426,Robfrel Siglind
489,490,Arunaseva,"238 Zak Road, Beijing",18926086226,Arken-River Talia-Belle
490,491,Shyanna,"73 Popi Lane, Bangkok",15899496833,Edsger Carlyjane
491,492,Elyes,"92 Siwan Street, Guangzhou",18940891764,Alima Aden
492,493,Jaymae,"364 Zianna Street, London",13798393561,Benno Meah-Jane
493,494,Kristofer,"881 Suheil Lane, Paris",19116866498,Insiya Finian
494,495,Carmen,"221 Caolan Lane, Los Angeles",18639358677,Ivy-Louise Aivaras
495,496,Lily-Joe,"623 Saffia Avenue, Guangzhou",13799581796,Davidjoe Korneliusz
496,497,Nel,"466 Esra Lane, Seoul",15834491967,Boah Marcellus
497,498,Aruna,"99 Melik-Ai Avenue, Hong Kong",18677484596,Nevaeha Lokitvel
498,499,Hannah-Rosalie,"616 Tyler-Ja Avenue, Shanghai",18676660749,Emanuele Amber-Marel
499,500,Akielya,"456 Sophia-L Avenue, Hong Kong",13739847961,Daniel-Phoenix Ismaiel
500,501,Kaliyah,"687 Arnas Street, Buenos Aires",13789375462,Tanpreet Jy
501,502,Aidian,"132 Aaranyan Street, Bangkok",19170509388,Lara-Mae Jersi
502,503,Annelies,"817 Zario Lane, Shanghai",18661699980,Travis-Clayton Apple
503,504,Ringo,"831 Abbi-Ros Avenue, Guangzhou",18958466744,Levi-Rose Malan
504,505,Halo-Mae,"771 Lizy Avenue, London",19162008583,Darcie-Bella Sekove
505,506,Lexi,"715 Zacharou Street, Sao Paulo",15842500913,Tod Guillermo
506,507,Reevah-Bella,"201 Kasch Street, Hong Kong",18915222372,Caara Jiaying
507,508,Finbarr,"642 Amy-Clai Lane, London",19110892444,Palmer Gigha
508,509,Farn,"30 Buraq Road, Paris",15878293780,Alex-May Paidi
509,510,Myles,"309 Ahaan Lane, Shanghai",18661746773,Signey Abida
510,511,Lihyla-Cole,"233 Lilah-Gr Road, Shanghai",18926492503,Ashen Sidhart
511,512,Suml,"972 Vince Lane, Hong Kong",15882084766,Guilherme Paisley-Jean
512,513,Alexi,"180 Bexlie Road, London",18970321647,Rayla Ikechukwu
513,514,Sanjog,"996 Yuval Lane, Tokyo",13787601366,Elli-Jane Harkeerat
514,515,Aylin,"34 Lisa Lane, Tokyo",18671573549,Jolie-Amber Evee
515,516,Koireng,"144 Eli-Ray Lane, Tokyo",19116171917,Eyva Kayden-James
516,517,Elios,"870 Mertysa Road, Seoul",13741638665,Arinola Reggie-Alexander
517,518,Liliane,"723 Muhren Road, Paris",13775564392,Ilene Shaelyn
518,519,Matt,"980 Aletta Lane, Guangzhou",18925272706,Mu'ath Anmar
519,520,Sady,"280 Leandro Road, Paris",13795518440,Tsabeh Perri-Grace
520,521,Ria,"356 Candy Road, Madrid",18956891772,Petru Kari-Rose
521,522,Ariana,"126 Tazmeen Street, Hong Kong",13750530634,Gleb Colin
522,523,Angel-Leigh,"401 Lyannah Road, Buenos Aires",15893571589,Xiyue Safiya
523,524,Sybille,"768 Katie-Ma Avenue, Los Angeles",15883932156,Ehlaam Ellexa
524,525,Jamal,"236 Alliha Road, Tokyo",18697747643,Lazare Emeli-Mae
525,526,Asil,"678 Melisah Street, Delhi",13727535874,Lola-Grace Shelby-Marie
526,527,Soraya,"469 Kaydn Road, Guangzhou",15888745135,Cate Aylya
527,528,Ellenor,"980 Mohammed Street, Guangzhou",13746046372,Ayvamae Somer
528,529,Jannat,"305 Kelci Lane, Paris",18944380035,Findley Rabekka
529,530,Rebbekah,"134 Archi Road, Hong Kong",19174817303,Erma Samyak
530,531,Ellyssa,"481 Katalin Street, Guangzhou",18631260439,Eniola Breianna
531,532,Liana,"894 Alpheus Avenue, Madrid",18912843232,Kaila Elih
532,533,Enia,"133 Ena Street, Bangkok",19134620561,Niamph Riahan
533,534,Kalem,"114 Asher-Mi Street, Bangkok",19134205748,Hyeonseo Manni
534,535,Ayyoub,"484 Ihlay Street, Buenos Aires",19143252605,Kerubel Abeeha
535,536,Aayisha,"217 Noah-Jay Avenue, Delhi",18665532996,Hilary Callin
536,537,Vinay,"892 Gary-Bri Street, Los Angeles",19133436480,Katie-Beth Blayn
537,538,Braiden,"635 Locklyn Road, Guangzhou",13741524518,Brodi Samariteanca
538,539,Shaylen,"966 Magnus Lane, Seoul",13758651574,Maci-Jo Kaiyrie
539,540,Ella-Mai,"913 Justyna Street, Bangkok",19140084969,Anamari Lyll
540,541,Pavol,"359 Queena Avenue, Madrid",18693534217,Evelina Gary
541,542,Athreya,"997 Kenzie-W Avenue, Delhi",19120115565,Cato Axelle
542,543,Osarumwense-Umweni,"805 Youssef Road, Madrid",19134944963,Yadhev Pranaya
543,544,Frankie-Leigh,"748 Sofija Lane, Delhi",13748706953,Penni Zelah
544,545,Jenny,"323 Rheana Avenue, Los Angeles",15845333162,Kalan Amica
545,546,Cullen,"165 Leytyn Lane, London",18972312624,Viona Angis
546,547,Aleida,"834 Keevha Lane, Shanghai",15867067456,Aighleigh Amelia-Lily
547,548,Sandis,"271 Daendy Road, Shanghai",18942126661,Abbyanne Basel
548,549,Ifeoluwakiisha,"337 Markfran Avenue, Guangzhou",18974839212,James-Daniel Aros
549,550,Meelah,"761 Manolis Lane, Madrid",13791895730,Oaklyn Fazura
550,551,Andrew-Jayden,"603 Maissey Street, Shanghai",19184588386,Miley-Ella Hughie
551,552,Aqeeb,"567 Dewar Lane, Bangkok",15880349347,Maleia Neeka
552,553,Sadman,"270 Charley- Lane, Madrid",18683924835,Xavyera Aijaz
553,554,Bronson,"498 Cadie-Le Road, Beijing",15866695832,Decklyn Aliyu
554,555,Babafolasekemi,"456 Aglaia Road, Hong Kong",19179432292,Sabyrzhan Sioned
555,556,Harron,"973 Kagan Avenue, Hong Kong",19128539664,Ilalol Ainara
556,557,Kaylyb,"893 Elizabet Avenue, Shanghai",15811947709,Aliyah-Lilly Adyss
557,558,Dhalia,"4 Alice-Ma Street, Bangkok",19180906669,Shaney Tawananyasha
558,559,Flavius,"894 Conal-Ja Street, Sao Paulo",19119472007,Rireoluwa Rourke
559,560,Osemen,"617 Jamin Lane, Bangkok",18684365791,Egon Sukhmani
560,561,Elle,"283 Akhil Road, London",18644724703,Amethyst Ateeb
561,562,Lelie,"281 Chloe-Ro Road, Tokyo",18682897841,Allie Agota
562,563,Jordon,"673 Tiger Lane, London",19119290495,Eyaad Hazlain
563,564,Masoume,"284 Denisas Avenue, Seoul",13719093569,Lhotse Rafah
564,565,Bartholomew,"293 Siyam Avenue, London",15810232873,Beatrice Ezaan
565,566,Kyaden,"332 Deco Avenue, Los Angeles",15888981061,Kyreece-Leyland Rudii
566,567,Beni,"777 Holly-Ja Road, Hong Kong",18620060376,Khleo Kyiana
567,568,Dottie,"438 Evina Lane, Delhi",18944937556,Rokka Khaly
568,569,Tanishia,"13 Shannon- Road, London",13755737796,Alyanah Nerissa
569,570,Ellie-May,"15 Rokka Lane, Hong Kong",13759786864,Jaina Rylee
570,571,Dani-Lee,"380 Youcef Road, Tokyo",18692727474,Kinvara Numa
571,572,Zeinab,"353 Harith Avenue, Manila",15874314294,Swastima Torren
572,573,Lleyton,"758 Connhal Avenue, Guangzhou",18672605768,Shubh Arsham
573,574,Rama,"218 Darlie Street, London",15837859797,Hanvikha Rakhshan
574,575,Hanli,"454 Kaydin-J Avenue, Sao Paulo",19153632785,Carena Kaicee
575,576,Ginijane,"706 Mireya Road, Los Angeles",15848314716,Bian Awaah
576,577,Kieara,"89 Negin Avenue, Tokyo",19192469694,Meara Mufaro
577,578,Kajol,"51 Radin Street, Paris",18649272664,Kaisan Obim
578,579,Morgan-Leigh,"131 Ethan-Ja Avenue, Madrid",15845030000,Murray Darci-Leigh
579,580,Kayne,"494 Samar Avenue, Paris",18617489320,Tealoh Rainy
580,581,Azfar,"970 Shraz Street, Tokyo",19191386775,Stalo Devvan
581,582,Kasie-Leigh,"687 Kyira Avenue, Los Angeles",18682346536,Ella Aimee-Rose
582,583,Caoimh,"841 Matylda Street, Buenos Aires",18639769419,Zan Samieul-Ali
583,584,Benjymin,"919 Denanne Avenue, Beijing",15842529175,Shad Hamaad
584,585,Lillie-Lexi,"549 Ely-Rose Lane, Manila",18917976215,Eliose Lacie-Leigh
585,586,Sribatsa,"464 Darcie-L Avenue, Guangzhou",13716541864,Lincoln Orinate
586,587,Reia,"670 Aliea Avenue, Madrid",18666670811,Cobi-Dean Darsh
587,588,Aadrian,"978 Shadden Street, Shanghai",15884022221,Murrey Chrystal
588,589,Nami,"423 Kerin Lane, Shanghai",19170742044,Tira Brunel
589,590,Romii,"762 Keqiang Street, Delhi",19125585988,Jhae Coray
590,591,Millicent,"20 Akshata Avenue, Paris",18916907647,Omagh-Louise Fadzai
591,592,Boma,"689 Feyza Avenue, Bangkok",18674455157,Trixi John-Alan
592,593,Dyma,"745 Hiemien Road, London",13713326147,Amy-May Theia-Mae
593,594,Sirina,"970 Xinya Lane, Sao Paulo",15823171099,Shiya Codie
594,595,Keven,"346 Dain Lane, Madrid",15859258586,Kaci-Lea Tayler-Jay
595,596,Melia-Rose,"960 Rio-Harp Avenue, Madrid",19153906386,Karlii Mailili
596,597,Euan,"186 Anjan Street, Shanghai",18662920167,Boubacar Layaan
597,598,Simar,"652 Faraquha Avenue, Tokyo",18943745609,Tilda Hanin
598,599,Olegs,"550 Gurveer Lane, Seoul",18679720232,Smayan Xinai
599,600,Dhayaal,"351 Sime Street, Paris",18611720550,Colin Colleen
600,601,Kiiana,"377 Khufu Lane, London",18641903938,Jervaise Lalita
601,602,Anaiah,"812 Jessica- Road, Buenos Aires",13733790641,Ziqi Jaiiden
602,603,Keitija,"732 Nevaeh-R Street, Paris",18697773101,Rayansh Lilibet
603,604,Rego,"394 Skye-Mar Lane, Los Angeles",19189949460,Coner Martha-May
604,605,Ezinne,"189 Oleg Lane, Guangzhou",19112684310,Georgios Krishnalyn
605,606,Ray,"196 Yannic Lane, London",19181086436,Lizbeth Arella
606,607,Sephora,"326 Daisie Avenue, Hong Kong",13717618273,Adhil Birdie
607,608,Reema,"551 Millie-J Street, Madrid",18661431003,Braidan Dylin
608,609,Eliyas,"706 Sharise Avenue, Buenos Aires",15896733601,Siana Rawa
609,610,Abhav,"546 Aejay Avenue, Madrid",15814997327,Ridhay Kareh
610,611,Harland,"285 Ronniele Lane, Buenos Aires",19178586500,Russhelle Mani
611,612,Aimie-Lee,"486 Abrianna Road, Manila",19136541693,Ever-Leigh Zave
612,613,Karmela,"685 Khaleesi Lane, Madrid",18961890875,Emi Faiha
613,614,Aboubakry,"272 Aarron Lane, London",15857097256,Mymanh Daiton
614,615,Wyley,"388 Rytis Street, Paris",18910240669,Sadhana Archith
615,616,Shayden,"122 Hakeem Road, Guangzhou",19126549312,Sevinc Rokhaya
616,617,Shayla-May,"716 Esmay Road, Shanghai",13749251883,Sophy Kelsey-May
617,618,Lullah,"572 Nail Lane, Manila",19115094139,Cealain Bitaniya
618,619,Iylie,"19 Mehmet-A Street, Shanghai",19118197701,Zayfira Ramani
619,620,Daya,"70 Baley Street, Buenos Aires",13750206772,Moldovan Samar
620,621,Aubriana,"389 Medeea Avenue, Bangkok",19181064814,Kseniya Kristiana
621,622,Oyinkansola,"450 Azariah Street, Bangkok",18674854977,Tiffanie Chionne
622,623,Maria-Jane,"428 Kylain Street, Madrid",15831729452,Vito Carly-Louise
623,624,Marrissa,"246 Mirza Lane, Los Angeles",15899960954,Nathaniel Alvie
624,625,Davud,"338 Sebastie Road, Seoul",19186019404,Kenzie-Jane Simas
625,626,Mimi-Annabelle,"765 Anneli Street, Buenos Aires",13755172920,Ruxa Safah
626,627,Tori-Leigh,"673 Naya Lane, Tokyo",19129616179,Karlin Mcgregor
627,628,Jai-Teigh,"614 Nirvighn Lane, Seoul",18916500103,Lottie-Beau Hadiya
628,629,Tasneema,"126 Laurenti Lane, Hong Kong",18936484844,Ralfi Mhairi-Cath
629,630,Ceire,"238 Samyukth Street, Sao Paulo",18612493862,Klaine Bobbie-Leigh
630,631,Starr,"778 Rhayn Road, Sao Paulo",18621990779,Orelie Scierra
631,632,Leigharra,"199 Aleeha Avenue, Tokyo",13758155033,Nwando Aled
632,633,Adaora,"619 Leaah Avenue, Madrid",18678854146,Evoleta Saz
633,634,Jydora,"612 Aydn Street, Buenos Aires",15858220635,Alena Bhradain
634,635,Hermon,"98 Rufta Street, Sao Paulo",18988413196,Lavena Ryly
635,636,Toria,"830 Raffaele Lane, Beijing",18625217839,Dawar Emily-Faith
636,637,Jaq,"711 Za'eem Lane, Shanghai",18684194303,Ciprian Gracen
637,638,Rocket,"912 Nova-Lou Avenue, Delhi",19134296484,Makayla-Rose Qian
638,639,Rubens,"652 Ishikaa Avenue, Delhi",18962975521,Mufaddal Omaricha-Chinonso
639,640,Maame,"303 Napassar Road, Bangkok",15859607824,Amma Ayla-Mae
640,641,Kacee,"128 Gurnoor Road, Buenos Aires",19155425633,Caicee Cadi-Grace
641,642,Doulyn,"429 Aryela Avenue, Guangzhou",18918782552,Luxi Ashlie
642,643,Elena-Marie,"40 Reinas Avenue, Paris",13732354219,Kerrin Aiyla-Rose
643,644,Austin,"8 Param Street, Seoul",13754918290,Kelvy Mansa
644,645,Bex,"19 Istera Road, Beijing",18951930912,Tyus Teyang
645,646,Panayiotis,"628 Kansiray Lane, Sao Paulo",18687322659,Roqaya Anek
646,647,Raiden,"13 Ruby-Rei Lane, Los Angeles",18956946046,Kaillan Makoto
647,648,Jono,"893 Leelynd Lane, Delhi",18956537271,Jaiden-James Oluwatobi
648,649,Zlata,"374 Meriam Lane, Manila",19185504234,Rufaydah Olufolarin
649,650,Halil,"687 Huwa Lane, Paris",18685128846,Kayal Christine-Smart
650,651,Talulah,"950 Jeitt Avenue, Hong Kong",18659938375,Emmie Alanah
651,652,Forbes,"825 Indie-Ma Lane, Beijing",18640189240,Ivie-Rae Darcy-Jane
652,653,Arrthor,"683 Aijay Lane, Bangkok",13773013406,Zacc Erion
653,654,Esah,"165 Cobi Road, Tokyo",18964065591,Aadyan Sean-Alexander
654,655,Samarbir,"854 Rhyian Road, Sao Paulo",19110665260,Yutao Chanapratch
655,656,Viktor,"559 Conayr Street, London",15855223376,Saabirah Unaizah
656,657,Martinas,"624 Anolah Avenue, Manila",13727936397,Unah Nishtha
657,658,Nezar,"11 Ellison Road, Sao Paulo",18682129948,Mersades Roli
658,659,Kennedie,"808 Tinashe Road, Buenos Aires",19123757847,Lara Gage
659,660,Kahil,"762 Mandi Lane, Bangkok",19123569553,Charley Juha
660,661,Leigham,"763 Messiah Road, Beijing",18958184609,Tayfun Madalyn
661,662,Rita-Jane,"647 Aml Road, Guangzhou",15810576960,Krishnan Kaylee
662,663,Axl,"615 Hristiya Street, Tokyo",18925839267,Liyah Kalman
663,664,Timothy,"427 Zamaar Street, Paris",19192855542,Aqiba Alaria
664,665,Shevonne,"272 Hercules Lane, Delhi",19183281459,Rosealy Kajsa
665,666,Khia,"927 Crawford Street, Hong Kong",19173805939,Rionagh Daltyn
666,667,Kupakwashe,"567 Hamdo Street, Delhi",18631182956,Taisia Ameira
667,668,Veya,"980 Uilleam Lane, Manila",19182896636,Frodi Kolbi
668,669,Wui,"599 Aarna Road, Los Angeles",18679305290,Jamilah Iroroevwo
669,670,Kavish,"173 Devlin Street, Madrid",18956262316,Avleen Leoa
670,671,Lacie-J,"797 Murphy Street, Buenos Aires",13763830633,Idrees Kushveer
671,672,Aadhya,"695 Bobbi-Le Lane, Buenos Aires",19136170079,Kabinga Jafar
672,673,Mritunjay,"863 Addley Avenue, Los Angeles",15883984134,Bebe-Rose Carleigh
673,674,Zara-Jane,"143 Idriss Avenue, Shanghai",13753981857,Gaida Anelisse
674,675,Maariya,"100 Jorji Street, Tokyo",19173303692,Michael-John Pela
675,676,Godfrey,"438 Sophie-M Lane, Buenos Aires",19187018860,Francesca Fares
676,677,Simion,"694 Fen Street, Tokyo",18659532133,Vrisha Laci-Lee
677,678,Haaniya,"461 Kayciele Avenue, Sao Paulo",15881554626,Camikah Avantika
678,679,Bethanei,"687 Chaniece Road, Tokyo",18641847629,Karolis Rhean
679,680,Sasan,"75 Annissa Avenue, Tokyo",18970613100,Keiden Kalindi
680,681,Izzy-May,"912 Seanece Lane, Guangzhou",13776933555,Lyli-Rose Numair
681,682,Calley,"174 Emma-Jan Avenue, Manila",18957843662,Obayemi Kadylee
682,683,Marni,"992 Reena Lane, Bangkok",18668112955,Naomie Zamama
683,684,Azeem,"621 Thales Avenue, London",18635124770,Naevia Eimad
684,685,Calvin-Jay,"420 Rayaan Lane, Shanghai",13763904132,Noa-Rose Melane
685,686,Teddy-Jack,"254 Freyha Road, Seoul",18620046020,Maiylah Ahren
686,687,Everay,"161 Jj Street, Bangkok",13746402221,Lowena Ameer-Abdullah
687,688,Jaisai,"927 Aralolao Road, Paris",18924507258,Valentia Munazza
688,689,Nissim,"261 Horia Avenue, Paris",19128813553,Tiaa Khalessia
689,690,Ersjola,"139 Zaidaan Lane, Guangzhou",18950587613,Keaten Se
690,691,Harseese,"223 Kanav Avenue, Sao Paulo",15831751255,Vytautas Adedoyin
691,692,Jorja,"843 Surbani Road, Guangzhou",15877307088,Nyia Sim
692,693,Carlyn,"241 Gerarde Road, Guangzhou",19165579048,Rianaid Rodions
693,694,Aadhi,"458 Dhanesh Avenue, Bangkok",18673573365,Kynnidi Zehra
694,695,Asina,"901 Masen Road, Bangkok",15836971156,Rojava Nadya
695,696,Kerren,"545 Kriya Street, Madrid",19149467792,Cavan Ashmith
696,697,Teana,"774 Wincent Street, Guangzhou",13775228716,Ouen Faidon
697,698,Morrigun,"667 Xenon Avenue, Bangkok",15867744942,Hanin Apenai
698,699,Sultana,"233 Kaii Lane, Madrid",13735820199,Aliana Xinai
699,700,Kaydie,"459 Sehajpre Lane, Madrid",13766951644,Szandor Tihanna
700,701,Leyah-Jay,"117 Darcy-Lo Road, Hong Kong",19173266951,Ayezah Jonathan
701,702,Savanna-Rose,"367 Mareks Street, Beijing",15869266146,Laiah Sarra
702,703,Reiss,"325 Tillie-M Avenue, Paris",18943941678,Tino Ashti
703,704,Fabiano,"837 Asdis Avenue, Bangkok",18617261732,Hermon Rosalie
704,705,Mame,"627 Anthony- Lane, Paris",19191403919,Sooren Naksh
705,706,Leven,"676 Dev Lane, Sao Paulo",18917702085,Mersey-Lee Ephraim
706,707,Vaelan,"692 Kaitlyn- Lane, Paris",18616804278,Daisey Eubha
707,708,Mckyla,"623 Nikaela Avenue, Delhi",15895292461,Kriya Oluwarantimi
708,709,Ezekiella,"766 Darsey Road, London",15888666602,Sadan Skylah
709,710,Anusha,"201 Alice Road, Madrid",19116565541,Logan-John Samiul
710,711,Reddyn,"807 Qaiser Road, Buenos Aires",19183115277,Baley Caycie
711,712,Ayokorede,"794 Ziva-Nic Road, Tokyo",19160361198,Ayesha Aakriti
712,713,Brodii,"856 Tafari Lane, Tokyo",18688833869,Kier Jakobi
713,714,Kiedis,"793 Damari Avenue, Guangzhou",15843950106,Jotham David-Andrew
714,715,Tiyana,"781 Ward Road, Shanghai",18688848397,Brannon Pippa-Mae
715,716,Johnson,"702 Ibaad Lane, Hong Kong",18992073609,Elyana Empress
716,717,James-Robert,"605 Kenley Avenue, Seoul",18994504211,Amaogechukwu Laycie
717,718,Helayna,"976 Hritesh Lane, Buenos Aires",18988180273,Emad Rose
718,719,Aaron-Joseph,"627 Nemo Avenue, Beijing",18633149368,Asmara Darol
719,720,Drae,"325 Joey Street, Tokyo",18641981627,Vaiva Paighton
720,721,Nina-Rose,"354 Ugne Lane, Bangkok",13761988808,Zinedine Jaymee-Kaydence
721,722,Shivan,"422 Rogen Road, Los Angeles",18995519403,Crimson Logine
722,723,Kynlie,"454 February Lane, Buenos Aires",18699009892,Mafalda Palaksh
723,724,Porscha-Lily,"215 Kellie Road, Madrid",18987594531,Rut Esperanza
724,725,Lyse,"713 Lyrik Road, Buenos Aires",18969267800,Genis Ridah
725,726,Daynton,"765 Ghaisani Avenue, London",18995418056,Aedric Yekshit
726,727,Jay-Kailyn,"19 Ivy-Quin Lane, Paris",13739595327,Kaidie Umm-E-Rumman
727,728,Saffie,"611 Thamidu Avenue, Tokyo",13799638095,Neivada Serena-Leoncia
728,729,Ibrar,"83 Neyla Road, Seoul",18912945165,Raul-Andrei Archie-Jay
729,730,Savanha,"713 Jibraeel Street, Bangkok",13747145974,Daetyn Zaaynah
730,731,Annum,"875 Chloe-Be Avenue, Buenos Aires",18680926142,Ailan Wendy
731,732,Consuelo,"831 Rafah Avenue, Shanghai",18696358559,Lily-Petra Muizz
732,733,Tegan,"529 Zain Road, Madrid",13722077304,Kovil Godstreasure
733,734,Peni,"450 Orville Lane, Madrid",18913747477,Ya Daryan
734,735,Haytham,"772 Abdul-Ka Avenue, Beijing",13756372258,Poppy-Ann Umm-E-Hani
735,736,Fahmida,"522 Mickie Avenue, London",18692725474,Caine Saro
736,737,Sisanwunmi,"568 Kasin Street, Guangzhou",18989675474,Taylor-Anne Hiza
737,738,Shlok,"133 Liall Avenue, Bangkok",13765910085,Dennis-Ray Euthymia
738,739,Khalee,"958 Isaa Avenue, Sao Paulo",18694005862,Kenneth-James Murrin
739,740,Keiran-Lee,"492 Yuhang Lane, Madrid",19128002511,Hiteesha Aagat
740,741,Llyr,"957 Luyi Lane, Sao Paulo",18945222443,Kayleece Jameson
741,742,Nara,"962 Sophya Road, Manila",18975231725,Caity Ellicia
742,743,Masood,"491 Deran Avenue, Bangkok",18678085807,Aurimas Brice
743,744,Nariman,"824 Teague Road, Seoul",18941409471,Allem Amileigh
744,745,Tirzah,"166 Uzziah Lane, Hong Kong",18979460885,Aitor Khianna
745,746,Mace,"662 Joan Street, London",15832928101,Rivka Mopewafunjesu
746,747,Hunar,"568 Montell Lane, Beijing",19113171005,Millie-Anna Rohnan
747,748,Srihari,"374 Zaheen Street, Hong Kong",19185417760,Charlee Zakariyah
748,749,Zyad,"958 Aysla Road, Delhi",18922252543,Maria-Rose Jan-Duncan
749,750,Taylor-Leigh,"238 Rawad Lane, Bangkok",18937913653,Olamiposi Canton
750,751,Cissa,"526 Christop Avenue, Sao Paulo",18653402231,Visanda Kelsi-Rose
751,752,Ailin,"266 Caedmon Lane, Manila",18976586284,Rory Keevagh
752,753,Laylah,"104 Ava-Rosa Road, Paris",19167295506,Lily-Ruby Aldrin
753,754,Desmond,"475 Italiah- Avenue, Paris",19189607117,Rayid Maisie-Brieann
754,755,Devansshi,"479 Jessicah Avenue, Guangzhou",19164708014,Zariya Nitesh
755,756,Rikki,"764 Arleen Street, Paris",15858797427,Chinani Mandy
756,757,Mylie-Jay,"566 Nafas Lane, Beijing",15886541878,Enri Mccamley
757,758,Ejona,"587 Saavi Lane, Madrid",19157510980,Tamora Oyan
758,759,Khloe-Anne,"55 Vidas Lane, Shanghai",18920141153,Anmay Harli
759,760,Supreet,"791 Kirsti Street, Hong Kong",13776648603,Jeremy Hyder
760,761,Azza,"112 Naelah Street, Paris",15823398047,Emeli-Mae Maisey
761,762,Angharad,"565 Kyia Street, Sao Paulo",18965674976,Ruary Dawson-Jack
762,763,Faolan,"215 Alyssah Street, Beijing",18614120775,Chikara Bobbieleei
763,764,Sukhmani,"60 Rashi Street, Bangkok",18690320153,Derran River-Violet
764,765,Rhoddy,"383 Craig-Ja Avenue, Sao Paulo",19156662644,Fabian Neki
765,766,Aby,"836 Aiden-Ja Avenue, Beijing",13793530385,Barira Armelle
766,767,Ameeya,"651 Aren Avenue, Manila",18956374270,Hafsa Sansa
767,768,Jabril,"702 Sarah-Ja Avenue, Beijing",13787578226,Dai Talla
768,769,Izaki,"256 Colley Road, Hong Kong",18686014410,Aiden-Jay Eeva
769,770,Gurbir,"959 Dalal Road, Los Angeles",18660382866,Tazmeen Jamie-Scott
770,771,Franky-Blu,"609 Nodebech Road, Los Angeles",18627071896,Krystyan Fortune
771,772,Jonathan-James,"694 Shashank Street, Madrid",18930547692,Sofia Bobbi-Jane
772,773,Carlymay,"120 Jhy Avenue, Beijing",18623458137,Zoa Aislyn
773,774,Tamsyn,"935 Fajar Street, Manila",18930275256,Jamie-Ryan Sheridan
774,775,Taisei,"711 Edelle Street, Buenos Aires",15898940892,Sattva Elia
775,776,Zaky,"379 Luna-Rai Avenue, Hong Kong",18912091008,Aarnavi Raffaele
776,777,Roibin,"626 Josep Lane, Los Angeles",13787040541,Tk Mingxi
777,778,Ziv,"596 Kailan Avenue, Seoul",19150102282,Attilio Aniya
778,779,Abby,"905 Cerys-Lu Street, Delhi",18623566564,Chaya Aelwen
779,780,Simey,"338 Thomas-J Road, Bangkok",18692817562,Ella-Louise Mishka
780,781,Kip,"513 Juntier Avenue, Paris",15821043377,Nainika Fred
781,782,Samaiyra,"548 Diain Lane, Buenos Aires",18617429426,Colbie Corra
782,783,Neco,"655 Cialla Avenue, Los Angeles",19187664079,Vinny Fionntan
783,784,Kaci,"797 Babalola Street, Manila",18658329509,Yeirah Benjimin
784,785,Istafa,"143 Mylene Avenue, Seoul",19122566566,Olivia-Elaine Shashank
785,786,Armands,"877 Shiloe Avenue, Sao Paulo",18949934956,Rima Advith
786,787,Aashif,"138 Sashanth Lane, Hong Kong",13730099471,Eryn-Louise Rhowen
787,788,Ulya,"645 Eireanne Lane, Madrid",19184224584,Zayla Airith
788,789,Lolah,"297 Reyad Lane, Bangkok",13754831175,Sasilca Hydar
789,790,Neelix,"438 Kristupa Lane, Bangkok",15863525397,Karina-Maria Braa
790,791,Hirsa,"919 Kayleb Lane, Seoul",19168904189,Paulie Caiene
791,792,Jayden-Oliver,"694 Parneev Lane, Guangzhou",19140194392,Ella-Blossom Georges
792,793,Amyleigh,"437 Kah Road, Hong Kong",15893546084,Amada Lilibet
793,794,Shanmukha,"359 Muhammad Avenue, Seoul",18998050568,Arrow Suri
794,795,Aayansh,"859 Roqeebah Street, Bangkok",19140770087,Ella-Nicole Ladebi
795,796,Ophelio,"226 Whin Road, Beijing",19151538059,Allisa-Rae Mark
796,797,Lexxi-Rose,"910 Henrich Street, Beijing",18987753231,Tieva Jamee
797,798,Amelia-Eve,"706 Marjorie Lane, Guangzhou",18669448453,Nurayn Shemen
798,799,Livvia,"552 Tayanah Avenue, Seoul",13789885074,Tennessee Kaiwei
799,800,Kayla-Jade,"115 Chinemer Road, Guangzhou",18923754513,Zaydan Yancy
800,801,Zakriya,"98 Kacielei Road, Los Angeles",13760329322,Rees Chukwuemelia
801,802,Ruoxuan,"587 Amanawee Avenue, London",15897569257,Jilly-Mae Sianah
802,803,Essah,"895 Balazs Lane, Manila",18965326148,Aboubaker Maisie-Ella
803,804,Alaina,"220 Harrod Avenue, Beijing",18617193088,Quinlan Hishaam
804,805,Robin-Ray,"183 Carrig Lane, Buenos Aires",18959434175,Marla Saho
805,806,Josh-Elliot,"601 Cheng Road, Los Angeles",18687883903,Layke Ethain
806,807,Yonas,"483 Kaianna Road, Delhi",18973152711,Zayan Ryusei
807,808,Vanshika,"805 Keenan Street, Manila",19122931119,Nicholas Naksh
808,809,Tarishi,"719 Ebubechu Avenue, Guangzhou",13762719370,Xyler Oluwaferanmi
809,810,Naeema,"249 Logie Lane, Paris",18919299752,Meesha Muhamed
810,811,Courtney-Anne,"525 Effy Street, Delhi",18663855108,Eden-Faith Hugo
811,812,Rabiya,"415 Nulaith Street, Tokyo",18673924280,Ethel Kiylan
812,813,Alayna,"615 Muqtasid Lane, Manila",15897659995,Ilyena Raimi
813,814,Jaimee-Lee,"489 Dalia Street, Shanghai",18984031348,Kinleigh Nived
814,815,Joy-Hope,"361 Indee Road, Shanghai",15890195749,Lorianna Lauryn-Rose
815,816,Mehran,"376 Mahad Street, London",19194104079,Sheryarr Corran
816,817,Eaghan,"900 Joey-Jay Lane, London",15892717005,Retal Kerim
817,818,Laken,"199 Koen Lane, Guangzhou",15811836930,Tashung Jaxan
818,819,Tommie,"179 Zara-Veg Road, Bangkok",19121628907,Sophia-Azra Annelie
819,820,Ivy-Jayne,"104 Trinidad Avenue, Seoul",18631199439,Asdulah Hayley
820,821,Riyver-Raven,"69 Eedih Lane, London",19189965280,Omiah Samee
821,822,Arroe,"973 Lenon Lane, Delhi",18997542859,Amelia-Isabella Emanuele
822,823,Ayden,"484 Daviid Street, Shanghai",18938733478,Annalyssa Kadyleigh
823,824,Chrissie-Rae,"621 Kotryna Avenue, Guangzhou",15878806679,Omari Ross-John
824,825,Mayowa,"688 Nicolle Avenue, Buenos Aires",18658569768,Meryam Sazan
825,826,Kahlie,"803 Ziva Lane, Madrid",18698370962,Liyanage Remi-Leigh
826,827,Ruiyang,"95 Hazen Avenue, Madrid",18932451840,Billie-Faith Khunanon
827,828,Ifiye,"736 Kasiey Street, Paris",19198545019,Tanpreet Felix
828,829,Rule,"760 Geena Road, Shanghai",13741197238,Annarosa Ehva
829,830,Lilyanna-Rose,"94 Breeanna Street, Shanghai",15820144226,Aravind Paigee
830,831,Jessica-Dawn,"898 Vikki Lane, Manila",18699376724,Payton-Louise Bailey-Grace
831,832,Selena,"682 Hyam Avenue, Guangzhou",13760964320,Elsi Eirnin
832,833,Aneisse,"223 Mmasichu Street, Paris",18619203152,Zerfin Saanchi
833,834,Tarik,"274 Kao Lane, Manila",18932256389,Chandra Dannie
834,835,Conner-William,"348 Ruaraidh Lane, Buenos Aires",19171162354,Dziugas Sonea
835,836,Eonan,"367 Caylim Avenue, Delhi",15855950059,Gillies Kerryann
836,837,Tayfur,"850 Milaniya Lane, Paris",19142652403,Nalani Georgie-Lee
837,838,Carly-Ann,"489 Daniel-E Road, Beijing",13777031493,Serdem Leethushane
838,839,Billi-Mai,"76 Georgie- Road, Manila",18922929996,Katy Nicolle
839,840,Bodhi,"170 Rosa-Mar Avenue, Madrid",13749171142,Sirana Senata
840,841,Temur,"997 Kaedee Lane, Los Angeles",18625887425,Verity-Rose Seillean
841,842,Adeife,"475 Miarose Street, Tokyo",19113565234,Minerva Emmi
842,843,Binnie,"773 Ailea Street, Delhi",19195203056,Donovan Melosa
843,844,Hridhaan,"400 Nina-Ros Street, Paris",13726706419,Arshmaan Sienna
844,845,Breeanne,"370 Izzy-May Avenue, Paris",19159566293,Samidha Isaac
845,846,Mortem,"707 Josh Street, Tokyo",15818968830,Aarran Nikolia
846,847,Tobiloba,"580 Finnlaid Avenue, Madrid",18937604277,Juno Fabio
847,848,Nellie-Mae,"706 Coltrane Avenue, London",13748558056,Johno Billi-Louise
848,849,Frasier,"570 Sascha Street, Shanghai",13731790833,Damien-Lee Vinisha
849,850,Amra,"901 Fareeda Avenue, Manila",18945585521,Ceyrian Saint
850,851,Feldya,"475 Gurdeep Avenue, Manila",18933335712,Lily-Mai Naiara
851,852,Zanetta,"110 Boris Street, Bangkok",13713096151,Aviaya Jimi
852,853,Sabira,"634 Aikateri Lane, Guangzhou",19169223182,Karlyle Zhuhaa
853,854,Keyvan,"252 Arhum Lane, Seoul",18623256088,Ambra Tayyab
854,855,Ayar,"312 Chikatar Avenue, Delhi",15877164872,Raaghav Miyah
855,856,Safa-Noor,"69 Lola-Bel Street, Sao Paulo",15823634068,Santiana Loki
856,857,Rubii,"760 Munachim Lane, Buenos Aires",13747629464,Amiogho Corey-Lee
857,858,Abbiegail,"458 Sidney Street, Delhi",15816990136,Aneilia Rapha
858,859,Cacie-Leigh,"534 Charleig Lane, Guangzhou",13765022420,Hasangokhan Kiera-Rose
859,860,Amiira,"525 Dexi Street, Guangzhou",18984976806,Levi Ezamie-Grace
860,861,Anina,"777 Ayeshah Lane, Bangkok",18962458684,Kei Atmanand
861,862,Graie,"326 Kayson-C Road, Manila",15814153115,Rhuri Salifyanji
862,863,Breanainn,"367 Phoebe-J Lane, Shanghai",18912919024,Oluwatimilehyin Sofien
863,864,Nashe,"98 Keylah Street, Delhi",13796314772,Cyprian Xuechen
864,865,Terence,"149 Ebbonie- Avenue, Buenos Aires",18996934651,Ilyana River-Rose
865,866,Samawiyah,"851 Hafsah Avenue, Buenos Aires",18997736174,Rhayn Leelynd
866,867,Olly-Robert,"961 Mobina Avenue, Los Angeles",15833121087,Ishi Manrey
867,868,Naing-John,"461 Elora Road, Beijing",18913689459,Scirocco Rozya
868,869,Leia,"395 Kjori Road, Beijing",15891863689,Kaiyas Jidenna
869,870,Reia,"741 Samridh Avenue, Shanghai",13769505375,Haillie Madeline
870,871,Etash,"274 Zayda Avenue, Los Angeles",18999325264,Sukhroop Ubani
871,872,Ummaima,"566 Jaycub-J Avenue, Hong Kong",15874520753,Tukwasimobi Olaoluwakiisha
872,873,Sema,"346 Oisin Avenue, Beijing",18669069464,Takaharu Zienna-Louise
873,874,Amaia,"662 Omolana Street, Sao Paulo",13799007154,Feodor Obi
874,875,Jakob,"402 Karem Lane, Delhi",13775639752,Zohana Dawud
875,876,Ayzha,"657 Taqiyah Road, Shanghai",19184986181,Maisee Cole-Jackson
876,877,Haariys,"681 Henrich Road, Madrid",18942655637,Jayden-Deep Rhuben
877,878,Silas-Alexis,"663 Siyi Street, Guangzhou",18633684047,Cas Moomal
878,879,Avianna,"496 Fahiye Road, London",18623102706,Culain Tehjas
879,880,Hali,"467 Lyndon Avenue, Paris",13738581288,Ibrahim Faith-Marie
880,881,Betsi,"945 Pavin Street, Madrid",18992157538,Hubriah Kahle
881,882,Avvey,"312 Zaid Street, Hong Kong",15885109798,Korbin Vasilisa
882,883,Slade,"417 Loukas Street, Hong Kong",19129576104,Nokubonga Alya
883,884,Sophiya,"402 Leonora Avenue, Sao Paulo",15847910340,Emirose Naven
884,885,Rosse-Mari,"127 Ricci Street, Madrid",15839468757,Kynli Aleisha
885,886,Avyanna,"194 Unaysah Street, Shanghai",18953787058,Melody-Wren Elena-Grace
886,887,Tyler-James,"795 Marni Avenue, Beijing",18933806274,Tanvitha Tehila
887,888,Jharana,"64 Daniele Lane, Shanghai",15827085047,Serena-May Keyira
888,889,Larson,"95 Tami Avenue, London",18672123031,Toviel Cadhla
889,890,Diyan,"763 Nataniel Street, Tokyo",13792331077,Milinia Faie
890,891,Kesienna,"338 Nevada Street, London",18972563457,Prabhjot Marthinus
891,892,Ellessa,"456 Ricci Street, Guangzhou",18987881386,Yamika Elenta
892,893,Alishba,"398 Aleo Road, Guangzhou",13746916848,Parisa Jeshwin
893,894,Nisha,"755 Aona Avenue, Madrid",19121407824,Lukne Kallie-Allek
894,895,Kayla-Rose,"755 Niralaya Avenue, Delhi",18653975825,Jesus Mafaz
895,896,Faheem,"874 Colm Avenue, Madrid",18982364143,Zaydyn Leatham
896,897,Thanakorn,"947 Salam Lane, Shanghai",18993134304,Abobakr Adreena
897,898,Louanna,"633 Julius Street, Los Angeles",19122920718,Maksimilian Piper-Jean
898,899,Alexa-Rose,"23 Matthiea Road, Paris",18681940391,Nigel Sahishnu
899,900,Kazimierz,"804 Sami Avenue, Guangzhou",19118456463,Ida Iliana-Nara
900,901,Muhammad-Ahmad,"684 Darcie-A Road, Shanghai",19126150679,Zafena Xander-Wolfgang
901,902,Aneta,"271 Jarron Avenue, London",13719534379,Rayvan Akhila
902,903,Sionainn,"429 Kylah-Ra Avenue, Delhi",13750209474,Nefeli Soundouss
903,904,Eva-May,"835 Prasant Road, Delhi",13738500855,Kali-Ena Alma
904,905,Miah-Patricia,"733 Eliotte Lane, Manila",19171777549,Jessie-Rose Lolah
905,906,Laurelle,"478 Saga Lane, Hong Kong",13760830760,Hayley-James Breeanne
906,907,Jokubas,"325 Clara-Lo Road, Guangzhou",15861697875,Lexus Omiah
907,908,Ayla-Neve,"370 Eairdsid Avenue, Seoul",13799286762,Muhemmed Mailey-Mae
908,909,Rhythm,"715 Laisha Lane, Manila",18918161565,Avarra Oluwatimilehyin
909,910,Kitty,"844 Shadrach Avenue, Delhi",18956857179,Stevan Mmesoomachukwu
910,911,Rahoz,"929 Dakota-J Lane, Guangzhou",13771274429,Elisabet Arabella
911,912,Meryam,"846 Orlarose Avenue, Bangkok",18656844153,Lakshya Aneesaa
912,913,Shyanna,"654 Akib Street, Sao Paulo",15828706231,Johnmason Amber-Leigh
913,914,Kaytee,"551 Ardi Road, Buenos Aires",19132505002,Kelsie-Mai Otava
914,915,Mahaasvin,"712 Ophelio Lane, Beijing",18964295305,Emaghaen-Rose Dayana
915,916,Chet,"257 Kdus Avenue, Beijing",18628258928,Ellsey-Rae Kaylamarie
916,917,Alleah,"345 Rheagan Avenue, Delhi",15811210516,Mccartney Macey-Lee
917,918,Fareha,"242 Jozua Street, Madrid",18673331405,Dhiyana Haidan
918,919,Brienna,"976 Olav Road, Guangzhou",18623357929,Jedison Ela-Grace
919,920,Ealasaid,"729 Graci-Ma Lane, Bangkok",13754442258,Rafaela Nanxi
920,921,Romee-Leigh,"434 Sophia-M Road, Shanghai",18933304395,Cordelia Linley
921,922,Zakhari,"963 Gracie-M Road, London",19182327910,Julez Abiyah
922,923,Gurdas,"849 Kynnedi Street, Bangkok",15897807469,Faust Eirea
923,924,Breeanna,"766 Alysse Avenue, Hong Kong",18672519126,Joshuaa Hajar
924,925,Nova-Blue,"816 Louei Street, Los Angeles",18962263485,Allisa Trump
925,926,Kanishka,"771 Rosa-Ami Street, Buenos Aires",13753813258,Lithisha Tayler-Jay
926,927,Jeanelle,"16 Logan-Ja Street, Guangzhou",19128166233,Ifran Idris
927,928,Kaci-Lea,"191 Zarina Road, London",15853801732,Desha Ruva
928,929,Marlia,"300 Hayder Street, London",13752241833,Gemini Anupa
929,930,Aubrieana,"923 Vicky Street, Los Angeles",18653779412,Neev Scott-Junior
930,931,Lucianah,"787 Lennard Avenue, Guangzhou",18924262590,Kara-Grace Tamil
931,932,Rosalie-Mae,"833 Joselyn Street, Sao Paulo",19140899343,Faraz Munana
932,933,Berrie,"370 Tarini Street, Bangkok",18964914784,Laucklan Eliss
933,934,Sura,"707 Tia-Sapp Street, London",19184554782,Wateen Chisomebi
934,935,Oluwashinaayomi,"294 Nesrine Lane, Los Angeles",13777040208,Gilmour-Harry Abdualmalik
935,936,Ilex,"645 Tanjot Lane, Delhi",19147251905,Nelle Mahib
936,937,Artemios,"865 Tilli Avenue, Shanghai",18944596529,Laoch Liyana
937,938,Taygen,"507 Arabell Avenue, Manila",19116806148,Utkarsh Baljiwan
938,939,Karina,"639 Yashvika Avenue, Madrid",15894062690,Navjodh Caoimhe-May
939,940,Hazen,"595 Sapphira Lane, Los Angeles",15892356054,Sahala Kristofer
940,941,Rikku,"514 Nawras Street, Buenos Aires",15872845151,Nicola Elona
941,942,Innis,"90 Maddalen Lane, Paris",18948957873,Joanne Aidan-Joseph
942,943,Kale,"146 Reeanna Lane, Shanghai",13718603011,Demari Ernie
943,944,Corra,"20 Abra Avenue, Beijing",19162752030,Spencer Mollie-Ann
944,945,Onnie,"316 Lily-Sop Street, Madrid",13782945750,Jono Logan-Kerr
945,946,Muhammad-Ismaeel,"247 Zeke Street, Hong Kong",18959349231,Danniella Malwina
946,947,Arwin,"518 Zuzanna Avenue, Shanghai",18641820104,Arianna-Lily Rhonnay
947,948,Ayven,"445 Sewin Lane, London",18673344864,Samin Idris
948,949,Codie-Lea,"302 Cal Avenue, Beijing",18625938588,Adya Sayuli
949,950,Harley-Rose,"912 Teribafo Lane, Shanghai",18918199018,Zamarei Leo-John
950,951,Carlos,"684 Arloe Street, Tokyo",18671451229,Maiyah Stiles
951,952,Gallacher,"308 Nahal Street, Tokyo",18620631993,Ivara Selin
952,953,Chun,"732 Heleema Avenue, Seoul",18666882807,Eeva Esmanur
953,954,Mairi,"568 Mohith Road, London",19152489339,Aaditiya Kayden-Lee
954,955,Christina,"805 Madalynn Street, Los Angeles",13717489573,Santiana Addyson
955,956,Paul-Junior,"553 Florin Avenue, Paris",13773431719,Eden-Lionell Barrington
956,957,Hunter-Joel,"31 Priscila Street, Los Angeles",19194206854,Liadh Reyya
957,958,Matylda,"592 Moad Avenue, Los Angeles",19136546430,Daegyn Adom
958,959,Stevie-Sydney,"636 Kleeona Street, Madrid",18982791281,Crystal-Rose Philomena
959,960,Swara,"32 Soliyana Road, Beijing",18912566636,Eilish Alyson-Maree
960,961,Yasmen,"881 Aaronlee Lane, Beijing",18620872907,Iarla Muaz
961,962,Mohtad,"269 Kayllen Street, Hong Kong",18696234221,Mollie-Ann Pride
962,963,Macenzie,"826 Reva Street, Los Angeles",13775679396,Andrena Jamie-John
963,964,Shiloh,"240 Mrwan Avenue, Shanghai",15856491151,Katharina Jilly-Mae
964,965,Elliana,"510 Olatomiw Street, Buenos Aires",15868123106,Qayla Lilly-Louise
965,966,Aarifah,"357 Zakiya Road, London",18925383266,Hans Bhodhini
966,967,Leili,"485 Ekaoluch Avenue, Madrid",15889203356,Koa Chayton
967,968,Lakeshia,"273 Arys Road, Guangzhou",18948640821,Kairoh Aadit
968,969,Ziqi,"334 Warrick Lane, Tokyo",19127209321,Chukwumbana Corben
969,970,Tyler-Joseph,"63 Yarin Lane, Tokyo",15872099168,Ailith Effie-Alice
970,971,Awa,"107 Kerensa Street, London",18956740218,Shohomjyoti Johnlee
971,972,Amalie,"714 Pranil Avenue, London",18695945060,Sno Jacko-Square
972,973,Nixie,"922 Yeshua Avenue, Seoul",19195787904,Domenic Rohays
973,974,Gurjeevan,"200 Dolton Lane, Tokyo",18651617255,Bontle Xack
974,975,Huzaifah,"737 Kiyra Lane, Sao Paulo",18632249798,Ridwan Njundu
975,976,Kihanna-Leigh,"221 Asmi Lane, Hong Kong",18693094033,Ronie Bismah
976,977,Erhyn,"36 Zain Street, Hong Kong",13784536558,Ilsa Dakshit
977,978,Agatha-Alice,"354 Azwa Avenue, Madrid",18927631292,Kaura Mahmud
978,979,Octavian,"738 Cailan Lane, Bangkok",18981312568,Zoa Joanie
979,980,Lucyanne,"504 Aylie Road, Manila",13794871727,Cassey Dayze
980,981,Lena-Anne,"29 Jakobi Road, Madrid",15855961065,Lyli-Rose Jamee
981,982,Caprice,"590 Alaattin Road, Beijing",18644612320,Ellijah Leevi-Alexander
982,983,Gerard,"692 Raniaa Lane, Tokyo",15851110727,Kelsey-Mai Amirthini
983,984,Alaina,"676 Yuanai Avenue, Buenos Aires",18991132287,Yixin Rikku
984,985,Caolila-Alba,"531 Tabitha Avenue, Buenos Aires",13739455437,Emilietiree Lilly-Jean
985,986,Prea,"981 Jefferso Street, London",18677091496,Kensei Linaya
986,987,Jeni,"73 Barjaa Street, Seoul",15873643551,Zenab Abraham
987,988,Alvie,"901 Sheyanne Street, Madrid",13777877216,Emerie-May Myah-Laya
988,989,Aubrae,"890 Lochlynn Street, Manila",18982409617,Leora-Jayn Darko
989,990,Brihanna,"772 Ellamary Street, Bangkok",15851394769,Garvan Aniket
990,991,Kolton-Bleu,"824 Cuipeir Lane, Los Angeles",13711226926,Aafi Rabbi
991,992,Leeo,"163 Shahbaj Street, Seoul",19165481650,Mia-Lei Aleksja
992,993,Vladislavs,"411 Maaria Street, Delhi",13790836627,Jasey Cyrine
993,994,Maider,"38 Adedoyin Lane, Los Angeles",19175689983,Jordanlee Toby
994,995,Jiaxi,"671 Eigan Road, Buenos Aires",18641813866,Martha-Jane Aaciya
995,996,Jasey,"61 Yuetong Lane, London",19192213517,Kudzaishe Ashanti
996,997,Usman,"793 Nikol Lane, Beijing",19179903385,Process Jiatao
997,998,Kavan,"830 Umama Avenue, Delhi",13767353057,Adithya Oluwadamisola
998,999,Darren-Lee,"562 Dot Lane, Bangkok",13745876026,Blessin Elaena
999,1000,Renata,"521 Zenaya Avenue, Manila",15869027883,Junior-Jay Nimra
